ID;Type;Nom;Email;Tel;Siret;Code NAF;Statut;Adresse;Ville;CP;Pays;Tags;Date creation
12774426;supplier;SeoMix;;;;;;;;;;;2018-01-26
12785638;supplier;Caractères;caracteres-pub@wanadoo.fr;;;;;;;;;;2018-01-26
12786488;supplier;Adhequat;;;;;;;;;;;2018-01-26
12786489;supplier;Assoc Des Journalistes Du Patrimoine;;;;;;;;;;;2018-01-26
12786490;supplier;GROUPE MONITEUR;;;;;;;;;;;2018-01-26
12786491;supplier;Societe Bureau À Cote;;;;;;;;;;;2018-01-26
12786492;supplier;Toyota;;;;;;;;;;;2018-01-26
12786494;supplier;C&E Ingenierie;structure@ceingenierie.fr;;;;;;;;;;2018-01-26
12786495;supplier;CLELIE;merch@clelie.fr;;;;;;;;;;2018-01-26
12786496;supplier;Jerome Cambours;;;;;;;;;;;2018-01-26
12786497;supplier;NUMERICA;ahenry@numericafrance.fr;;;;;;;;;;2018-01-26
12786498;supplier;ELECOM;;;;;;;;;;;2018-01-26
12786499;supplier;La Maison du chocolat;;;;;;;;;;;2018-01-26
12786500;supplier;T.R.M.;trm@wanadoo.fr;;;;;;;;;;2018-01-26
12786501;supplier;Julien Paquin;;;;;;;;;;;2018-01-26
12786502;supplier;2B Plomberie;toni33700@hotmail.fr;;;;;;;;;;2018-01-26
12786503;supplier;Actimat;;;;;;;;;;;2018-01-26
12786504;supplier;AIR STAR;;;;;;;;;;;2018-01-26
12786505;supplier;Arnaud Dauphin;contact@arnaud-dauphin.com;;;;;;;;;;2018-01-26
12786506;supplier;Bernard Woitellier;;;;;;;;;;;2018-01-26
12786507;supplier;Capiaux Julien;capiaux_julien@yahoo.fr;;;;;;;;;;2018-01-26
12786508;supplier;COMME UNE IMPRESSION;;;;;;;;;;;2018-01-26
12786509;supplier;Equinoxe;;;;;;;;;;;2018-01-26
12786510;supplier;Opaline Communication;;;;;;;;;;;2018-01-26
12786511;supplier;PUBLIMARK;y.celebi@publimark.fr;;;;;;;;;;2018-01-26
12786512;supplier;Realnewtech;herve.parent@realnewtech.com;;;;;;;;;;2018-01-26
12786513;supplier;Sylvain Morvant Architecte;sylvain@morvantarchitecte.com;;;;;;;;;;2018-01-26
12786514;supplier;Travitec;info@travitec.fr;;;;;;;;;;2018-01-26
12786517;supplier;2M Expo;;;;;;;;;;;2018-01-26
12786518;supplier;3A Composites;;;;;;;;;;;2018-01-26
12786519;supplier;3M;;;;;;;;;;;2018-01-26
12786520;supplier;A 46 PUB;;;;;;;;;;;2018-01-26
12786521;supplier;AAC;;;;;;;;;;;2018-01-26
12786522;supplier;Abaqsys Ingénierie;contact@abaqsys.com;;;;;;;;;;2018-01-26
12786523;supplier;Aboisif Suquart;;;;;;;;;;;2018-01-26
12786524;supplier;ACMM SARL;;;;;;;;;;;2018-01-26
12786525;supplier;Acopub;contact@acopub.fr;;;;;;;;;;2018-01-26
12786526;supplier;Acroservices-Alpiniste;;;;;;;;;;;2018-01-26
12786527;supplier;Actis Location;;;;;;;;;;;2018-01-26
12786528;supplier;ADAIR;;;;;;;;;;;2018-01-26
12786529;supplier;AD Comm;;;;;;;;;;;2018-01-26
12786530;supplier;Aderpub - Dumouchel;aderpub@gmail.com;;;;;;;;;;2018-01-26
12786531;supplier;Adhepubs;;;;;;;;;;;2018-01-26
12786532;supplier;A.D.M.F.;;;;;;;;;;;2018-01-26
12786533;supplier;ADS;;;;;;;;;;;2018-01-26
12786534;supplier;Advantech;;;;;;;;;;;2018-01-26
12786535;supplier;Affiches et Vous;;;;;;;;;;;2018-01-26
12786536;supplier;Agent Graphique;agentgraphique@neuf.fr;;;;;;;;;;2018-01-26
12786537;supplier;Agence Loxam Colombes;colombes@loxam.fr;;;;;;;;;;2018-01-26
12786538;supplier;A'GRAPH;info@agraph.fr;;;;;;;;;;2018-01-26
12786539;supplier;Aimants Calamit;;;;;;;;;;;2018-01-26
12786540;supplier;Aiming LED Ltd;;;;;;;;;;;2018-01-26
12786541;supplier;AJ Conseil;ajconseil@wanadoo.fr;;;;;;;;;;2018-01-26
12786542;supplier;AJ Deco;;;;;;;;;;;2018-01-26
12786543;supplier;Alain Roudault Publicite;;;;;;;;;;;2018-01-26
12786544;supplier;Aldebert;;;;;;;;;;;2018-01-26
12786545;supplier;Alliance Hotesses;;;;;;;;;;;2018-01-26
12786547;supplier;All Design;alldesign.contact@free.fr;;;;;;;;;;2018-01-26
12786548;supplier;Alphapub;;;;;;;;;;;2018-01-26
12786549;supplier;Alphatex Multimailles;;;;;;;;;;;2018-01-26
12786550;supplier;Alsan Alüminyum;;;;;;;;;;;2018-01-26
12786551;supplier;Alupic;;;;;;;;;;;2018-01-26
12786552;supplier;Alyos;;;;;;;;;;;2018-01-26
12786553;supplier;Amini;aminikhalid@gmail.com;;;;;;;;;;2018-01-26
12786554;supplier;Anode Visuel;info@anodevisuel.fr;;;;;;;;;;2018-01-26
12786555;supplier;Antalis;herve.gaillard@antalis.com;;;;;;;;;;2018-01-26
12786556;supplier;Antecime;;;;;;;;;;;2018-01-26
12786557;supplier;Anthemis;;;;;;;;;;;2018-01-26
12786558;supplier;Antoine Olive;;;;;;;;;;;2018-01-26
12786559;supplier;Apia solutions;;;;;;;;;;;2018-01-26
12786560;supplier;Aplomb-Alpiniste;;;;;;;;;;;2018-01-26
12786561;supplier;APLUS;;;;;;;;;;;2018-01-26
12786562;supplier;A Plus B;info@aplusb-expo.com;;;;;;;;;;2018-01-26
12786563;supplier;APS Communication;;;;;;;;;;;2018-01-26
12786564;supplier;Arc;;;;;;;;;;;2018-01-26
12786565;supplier;Arch France;;;;;;;;;;;2018-01-26
12786566;supplier;Art Concept;;;;;;;;;;;2018-01-26
12786568;supplier;Bartholus;;;;;;;;;;;2018-01-26
12786569;supplier;Asphalt Art media;;;;;;;;;;;2018-01-26
12786570;supplier;ASS & FILS;;;;;;;;;;;2018-01-26
12786571;supplier;ATC Communication;;;;;;;;;;;2018-01-26
12786572;supplier;Atelier des Giboulées;;;;;;;;;;;2018-01-26
12786573;supplier;Ateliers Pelletier;ateliers.pelletier@wanadoo.fr;;;;;;;;;;2018-01-26
12786574;supplier;Atlanta;;;;;;;;;;;2018-01-26
12786575;supplier;Atout Pub;atout.pub@orange.fr;;;;;;;;;;2018-01-26
12786576;supplier;ATS;;;;;;;;;;;2018-01-26
12786577;supplier;Aude Pinguilly Scenographe;;;;;;;;;;;2018-01-26
12786578;supplier;AUTO ENTREPRISE JR;;;;;;;;;;;2018-01-26
12786579;supplier;Axeo Services;;;;;;;;;;;2018-01-26
12786580;supplier;Aymeric Guillonneau;aymeric@guillonneau.fr;;;;;;;;;;2018-01-26
12786581;supplier;Az Metal-OUT;azmetal@azmetal.fr;;;;;;;;;;2018-01-26
12786582;supplier;Balas;;;;;;;;;;;2018-01-26
12786583;supplier;Balsan;;;;;;;;;;;2018-01-26
12786584;supplier;Brushwood Design Ltd / BannerflexEurope.com;paul@brushwood.co.uk;;;;;;;;;;2018-01-26
12786585;supplier;Batifrance Services;;;;;;;;;;;2018-01-26
12786586;supplier;Bati Conseil Immobilier;;;;;;;;;;;2018-01-26
12786587;supplier;Batisec;info@batisec.fr;;;;;;;;;;2018-01-26
12786588;supplier;BBC Motion Gallery;;;;;;;;;;;2018-01-26
12786589;supplier;BECOME - Béton;;;;;;;;;;;2018-01-26
12786590;supplier;BeFloor;;;;;;;;;;;2018-01-26
12786591;supplier;BFP CINDAR;accueil@bfp-cindar.com;;;;;;;;;;2018-01-26
12786592;supplier;BF Pro;;;;;;;;;;;2018-01-26
12786593;supplier;BHD;;;;;;;;;;;2018-01-26
12786594;supplier;BIKOM;yannis@bikom.fr;;;;;;;;;;2018-01-26
12786595;supplier;Bilum - Sac de Baches;;;;;;;;;;;2018-01-26
12786596;supplier;Beton des Monts du Lyonnais;contact@betonlyon.fr;;;;;;;;;;2018-01-26
12786597;supplier;BM Loc Gennevilliers;;;;;;;;;;;2018-01-26
12786598;supplier;Bonnel;;;;;;;;;;;2018-01-26
12786599;supplier;Borry;;;;;;;;;;;2018-01-26
12786600;supplier;Bouillet Yves-Graphiste;pub.ifebo@orange.fr;;;;;;;;;;2018-01-26
12786601;supplier;Boutet S.A.S.;eaznaran@boutet.fr;;;;;;;;;;2018-01-26
12786602;supplier;Brard Imprimeurs;db@brardprint.com;;;;;;;;;;2018-01-26
12786603;supplier;Sarl Brod e-Tech;contact@la-broderie.fr;;;;;;;;;;2018-01-26
12786604;supplier;BS2i;;;;;;;;;;;2018-01-26
12786605;supplier;BSM installation enseigne et bâche;;;;;;;;;;;2018-01-26
12786606;supplier;BullPrint;maxime@bullprint.fr;;;;;;;;;;2018-01-26
12786607;supplier;Burrial - Panneau;;;;;;;;;;;2018-01-26
12786608;supplier;Cables Barciet;contact@cablesbarciet.fr;;;;;;;;;;2018-01-26
12786609;supplier;Cabestan SARL;;;;;;;;;;;2018-01-26
12786610;supplier;CACV;;;;;;;;;;;2018-01-26
12786611;supplier;M. Callwart Didier;;;;;;;;;;;2018-01-26
12786612;supplier;Cantoche;;;;;;;;;;;2018-01-26
12786613;supplier;Caractères Enseigne;commande.caracteres@caracteres-imp.com;;;;;;;;;;2018-01-26
12786614;supplier;Caractères Accessoires;;;;;;;;;;;2018-01-26
12786615;supplier;Carmine et Cie;;;;;;;;;;;2018-01-26
12786616;supplier;CARO Peintre-en-Lettres;;;;;;;;;;;2018-01-26
12786617;supplier;Cash Diplay;;;;;;;;;;;2018-01-26
12786618;supplier;Castagnet Richard;castagnet-richard@wanadoo.fr;;;;;;;;;;2018-01-26
12786619;supplier;CASSE centre d'argenteuil;;;;;;;;;;;2018-01-26
12786620;supplier;CAUPAMAT;contact-parisnord@caupamat.fr;;;;;;;;;;2018-01-26
12786621;supplier;CCS International (Etude-Chaudronnerie);;;;;;;;;;;2018-01-26
12786622;supplier;Centralbat Le Batiment;;;;;;;;;;;2018-01-26
12786623;supplier;CetCpose;;;;;;;;;;;2018-01-26
12786624;supplier;Chantiers du Cardinal;;;;;;;;;;;2018-01-26
12786625;supplier;Charpentier P.M.;;;;;;;;;;;2018-01-26
12786626;supplier;Charpente Menuiserie Leduc;;;;;;;;;;;2018-01-26
12786627;supplier;Chikethic - Sac de Baches;;;;;;;;;;;2018-01-26
12786628;supplier;Chrono Beton;;;;;;;;;;;2018-01-26
12786629;supplier;Christian Gerin-Alpiniste;;;;;;;;;;;2018-01-26
12786630;supplier;Christophe Crepieux;;;;;;;;;;;2018-01-26
12786631;supplier;Chronotruck;contact@chronotruck.com;;;;;;;;;;2018-01-26
12786633;supplier;Clik-Clik Systems Inc.;;;;;;;;;;;2018-01-26
12786634;supplier;C Mirifique-Alpiniste;;;;;;;;;;;2018-01-26
12786635;supplier;C-Nario;;;;;;;;;;;2018-01-26
12786636;supplier;Co.Ren;drsvetlana@hotmail.fr;;;;;;;;;;2018-01-26
12786637;supplier;Combet;;;;;;;;;;;2018-01-26
12786638;supplier;Colin Barton;;;;;;;;;;;2018-01-26
12786639;supplier;Com & Go - Hotesse;;;;;;;;;;;2018-01-26
12786640;supplier;Comme Au Cinema.com;;;;;;;;;;;2018-01-26
12786641;supplier;Conseil Plus;;;;;;;;;;;2018-01-26
12786642;supplier;CONRAD;;;;;;;;;;;2018-01-26
12786643;supplier;Conseil Marketing Publicite;;;;;;;;;;;2018-01-26
12786644;supplier;Copynumerik;;;;;;;;;;;2018-01-26
12786645;supplier;Severine Coutaud Graphisme;;;;;;;;;;;2018-01-26
12786646;supplier;CPN Compagnie Parisienne du Nettoyage;contact@groupecpn.fr;;;;;;;;;;2018-01-26
12786647;supplier;Creativ ' Sign;info@creativ-sign.com;;;;;;;;;;2018-01-26
12786648;supplier;Creideo;logo@creideo.com;;;;;;;;;;2018-01-26
12786650;supplier;CRM Pygmalion;;;;;;;;;;;2018-01-26
12786651;supplier;Crystal Display Systems Ltd;info@crystal-display.com;;;;;;;;;;2018-01-26
12786652;supplier;CTN;a.brecard@ctn.fr;;;;;;;;;;2018-01-26
12786653;supplier;Cvoric Alexandre Archi;;;;;;;;;;;2018-01-26
12786654;supplier;Cyclus;;;;;;;;;;;2018-01-26
12786655;supplier;Daktronics;;;;;;;;;;;2018-01-26
12786656;supplier;DB Schenker Joyau;;;;;;;;;;;2018-01-26
12786657;supplier;Decor Enseigne;;;;;;;;;;;2018-01-26
12786658;supplier;DELEAGE EXPANSION;;;;;;;;;;;2018-01-26
12786659;supplier;Dellien Associes Avocats;;;;;;;;;;;2018-01-26
12786660;supplier;Delort Imprimeur;;;;;;;;;;;2018-01-26
12786661;supplier;Demailly;contact@demailly-monchy.fr;;;;;;;;;;2018-01-26
12786662;supplier;Deolbois;contact@deolbois.fr;;;;;;;;;;2018-01-26
12786663;supplier;De Paepe Chaudronnerie;;;;;;;;;;;2018-01-26
12786664;supplier;DESCOURS ET CABAUD;;;;;;;;;;;2018-01-26
12786665;supplier;DHK;;;;;;;;;;;2018-01-26
12786666;supplier;Dicorep;;;;;;;;;;;2018-01-26
12786667;supplier;DIMA PUB;;;;;;;;;;;2018-01-26
12786668;supplier;Display Light;info@displaylight.fr;;;;;;;;;;2018-01-26
12786670;supplier;DNA Group;;;;;;;;;;;2018-01-26
12786671;supplier;DORAS;;;;;;;;;;;2018-01-26
12786672;supplier;Duarib;;;;;;;;;;;2018-01-26
12786673;supplier;Dupre Sebastien;;;;;;;;;;;2018-01-26
12786674;supplier;EASM;;;;;;;;;;;2018-01-26
12786675;supplier;Edimeta;;;;;;;;;;;2018-01-26
12786676;supplier;ELB Constructions;elb.construction@wanadoo.fr;;;;;;;;;;2018-01-26
12786677;supplier;Elips Signs;;;;;;;;;;;2018-01-26
12786678;supplier;Emis France (Fournisseur);;;;;;;;;;;2018-01-26
12786679;supplier;Emmanuel Nomine;;;;;;;;;;;2018-01-26
12786680;supplier;Emoneon;m.juszczak@emoneon.pl;;;;;;;;;;2018-01-26
12786681;supplier;Empreinte Publicitaire;empreinte.pub@neuf.fr;;;;;;;;;;2018-01-26
12786682;supplier;Enseignes 01;info@enseignes01.fr;;;;;;;;;;2018-01-26
12786683;supplier;Entrepose echafaudages;PEIRIN.G@entrepose-echafaudages.fr;;;;;;;;;;2018-01-26
12786684;supplier;Esmery Caron;;;;;;;;;;;2018-01-26
12786685;supplier;Atelier Esmoingt;;;;;;;;;;;2018-01-26
12786686;supplier;ESP Enseignes;commercial.8@esp-enseignes.com;;;;;;;;;;2018-01-26
12786687;supplier;Etair-Alpiniste;;;;;;;;;;;2018-01-26
12786688;supplier;Etalmag;etalmag@wanadoo.fr;;;;;;;;;;2018-01-26
12786689;supplier;Etair Mediterranee-Cordiste;;;;;;;;;;;2018-01-26
12786690;supplier;Ets Coche;;;;;;;;;;;2018-01-26
12786691;supplier;Etude Nakache - Huissier;;;;;;;;;;;2018-01-26
12786692;supplier;Eupalinos;;;;;;;;;;;2018-01-26
12786693;supplier;EURL ILAPRO;;;;;;;;;;;2018-01-26
12786694;supplier;Eurydice;;;;;;;;;;;2018-01-26
12786695;supplier;EVEREST;;;;;;;;;;;2018-01-26
12786696;supplier;Exaprint;;;;;;;;;;;2018-01-26
12786697;supplier;Exer Technologies;;;;;;;;;;;2018-01-26
12786698;supplier;Faber France;;;;;;;;;;;2018-01-26
12786699;supplier;Pascal Faggioli;faggioli95100@gmail.com;;;;;;;;;;2018-01-26
12786700;supplier;Fagerhult;aurelie.deliry@fagerhult.fr;;;;;;;;;;2018-01-26
12786701;supplier;F.A.Numerique;;;;;;;;;;;2018-01-26
12786702;supplier;Feel Contact;;;;;;;;;;;2018-01-26
12786703;supplier;Fedex express;fr_iad@fedex.com;;;;;;;;;;2018-01-26
12786704;supplier;FG Communication;;;;;;;;;;;2018-01-26
12786705;supplier;Figarol;florence@figarol.com;;;;;;;;;;2018-01-26
12786706;supplier;Filartdeco;;;;;;;;;;;2018-01-26
12786707;supplier;Filmolux;;;;;;;;;;;2018-01-26
12786708;supplier;FIX IN;g.bazin@fix-in.com;;;;;;;;;;2018-01-26
12786709;supplier;FlexLedLight;;;;;;;;;;;2018-01-26
12786710;supplier;Flexico;;;;;;;;;;;2018-01-26
12786711;supplier;Flexpro;alfonsas@flexpro.lt;;;;;;;;;;2018-01-26
12786712;supplier;Flockage 2000 Sports;;;;;;;;;;;2018-01-26
12786713;supplier;Forte Impression;info@forte-impression.fr;;;;;;;;;;2018-01-26
12786714;supplier;FOTIMPRIM;haigofot@wanadoo.fr;;;;;;;;;;2018-01-26
12786715;supplier;France Metal;t.neil@kikaffich.com;;;;;;;;;;2018-01-26
12786716;supplier;France Affiche;com@franceaffiches.com;;;;;;;;;;2018-01-26
12786717;supplier;France Ligne;;;;;;;;;;;2018-01-26
12786718;supplier;GC Imprimerie;;;;;;;;;;;2018-01-26
12786719;supplier;Geciba-BET;;;;;;;;;;;2018-01-26
12786720;supplier;GEODIS CALBERSON;;;;;;;;;;;2018-01-26
12786721;supplier;Global Solution Logistique;transport.express@gmail.com;;;;;;;;;;2018-01-26
12786722;supplier;Global Service Elevation;;;;;;;;;;;2018-01-26
12786723;supplier;Gold Finger;info@gold-finger.fr;;;;;;;;;;2018-01-26
12786724;supplier;Groupe Goyer;;;;;;;;;;;2018-01-26
12786725;supplier;GPM Adhesifs;gpm.adhesif@gmail.com;;;;;;;;;;2018-01-26
12786726;supplier;Graphik;contact@graphik.fr;;;;;;;;;;2018-01-26
12786727;supplier;Graphi-Press;;;;;;;;;;;2018-01-26
12786728;supplier;Graphiste;;;;;;;;;;;2018-01-26
12786729;supplier;Gratte Ciel-Alpiniste;;;;;;;;;;;2018-01-26
12786730;supplier;GRDF;;;;;;;;;;;2018-01-26
12786731;supplier;Groupe F;;;;;;;;;;;2018-01-26
12786732;supplier;Groupe Atlantis;;;;;;;;;;;2018-01-26
12786733;supplier;Guard Industries;;;;;;;;;;;2018-01-26
12786734;supplier;Guesneau entreprise;;;;;;;;;;;2018-01-26
12786735;supplier;Guillaume Robine;;;;;;;;;;;2018-01-26
12786736;supplier;Guillaume Heissat;contact@resopose.com;;;;;;;;;;2018-01-26
12786737;supplier;Mathilde Gullaud;mathilde.gullaud@gmail.com;;;;;;;;;;2018-01-26
12786738;supplier;Helio Graphic;contact@nantes.docuworld.fr;;;;;;;;;;2018-01-26
12786739;supplier;Hertz Equipement;edeoliveira@hertz.com;;;;;;;;;;2018-01-26
12786740;supplier;Herskovits HT2;;;;;;;;;;;2018-01-26
12786741;supplier;Hexis Paris;;;;;;;;;;;2018-01-26
12786742;supplier;Hexcel Composites;;;;;;;;;;;2018-01-26
12786743;supplier;Hexiprint;;;;;;;;;;;2018-01-26
12786744;supplier;HOLCIM;;;;;;;;;;;2018-01-26
12786745;supplier;Horizon sources;;;;;;;;;;;2018-01-26
12786746;supplier;Horyzon Clics;;;;;;;;;;;2018-01-26
12786747;supplier;Huck-Occitania - Filet;;;;;;;;;;;2018-01-26
12786748;supplier;Huissier;;;;;;;;;;;2018-01-26
12786749;supplier;Icequia communication & design;;;;;;;;;;;2018-01-26
12786750;supplier;ID ACIER;id-acier@wanadoo.fr;;;;;;;;;;2018-01-26
12786751;supplier;IDEFIX PUB;idefixpub@yahoo.fr;;;;;;;;;;2018-01-26
12786752;supplier;IFMS;william.petit@tractel.com;;;;;;;;;;2018-01-26
12786753;supplier;IKONE-PUB;contact@ikone-pub.com;;;;;;;;;;2018-01-26
12786754;supplier;image Eurovisuelle;;;;;;;;;;;2018-01-26
12786755;supplier;Impressions Évenementielles Paris;contact@nice-colors.com;;;;;;;;;;2018-01-26
12786756;supplier;Impact Serigraphie;impact.serigraphie@wanadoo.fr;;;;;;;;;;2018-01-26
12786757;supplier;Infotrafic;;;;;;;;;;;2018-01-26
12786758;supplier;Expo permanente;;;;;;;;;;;2018-01-26
12786759;supplier;Ingrid L. Blecha;;;;;;;;;;;2018-01-26
12786760;supplier;INGEROP;;;;;;;;;;;2018-01-26
12786761;supplier;Interface;;;;;;;;;;;2018-01-26
12786762;supplier;Isermatic Systemes;;;;;;;;;;;2018-01-26
12786763;supplier;jamet;;;;;;;;;;;2018-01-26
12786764;supplier;Javer;;;;;;;;;;;2018-01-26
12786765;supplier;Jcm-Pose adhesif;;;;;;;;;;;2018-01-26
12786766;supplier;Jed-dis Transport SARL;jed-distransport@hotmail.fr;;;;;;;;;;2018-01-26
12786767;supplier;Jeremy Pernet;my.pernet@gmail.com;;;;;;;;;;2018-01-26
12786768;supplier;JMJCOM;contact@jmjcom.fr;;;;;;;;;;2018-01-26
12786769;supplier;Jobet;;;;;;;;;;;2018-01-26
12786770;supplier;Joriside;;;;;;;;;;;2018-01-26
12786771;supplier;K2 Europe;;;;;;;;;;;2018-01-26
12786772;supplier;KAFEIN STUDIO COMMUNICATION DIGITALE;;;;;;;;;;;2018-01-26
12786773;supplier;Kiloutou SCET Rhône;;;;;;;;;;;2018-01-26
12786774;supplier;Kiloutou;agence0642@kiloutou.fr;;;;;;;;;;2018-01-26
12786775;supplier;Kilove Location;;;;;;;;;;;2018-01-26
12786776;supplier;Kiloutou Chambourcy;;;;;;;;;;;2018-01-26
12786777;supplier;Kimark;contact@kimark-enseignes.com;;;;;;;;;;2018-01-26
12786778;supplier;Kreativia;;;;;;;;;;;2018-01-26
12786779;supplier;Krzysztof Sukiennik - Graphiste;;;;;;;;;;;2018-01-26
12786780;supplier;Laboprint;vente@laboprint.eu;;;;;;;;;;2018-01-26
12786781;supplier;Lacrylic Shop;shop@lacrylic.com;;;;;;;;;;2018-01-26
12786782;supplier;Lafarge;;;;;;;;;;;2018-01-26
12786783;supplier;La Rochelle-Creation;;;;;;;;;;;2018-01-26
12786784;supplier;L'Atelier de publicite;;;;;;;;;;;2018-01-26
12786785;supplier;Laurent Bonnet Illustration-Graphisme;;;;;;;;;;;2018-01-26
12786786;supplier;Lavendon;iledefrance@lavendon.fr;;;;;;;;;;2018-01-26
12786787;supplier;Legend Concept;;;;;;;;;;;2018-01-26
12786788;supplier;Le Labographique;contact@lelabographique.fr;;;;;;;;;;2018-01-26
12786789;supplier;Les Enseignes Picardes;neon.rg@orange.fr;;;;;;;;;;2018-01-26
12786790;supplier;Levenly;contact@levenly.com;;;;;;;;;;2018-01-26
12786791;supplier;LFP Bâtiment;lfp147@lfpinterim.com;;;;;;;;;;2018-01-26
12786792;supplier;Loca MS;;;;;;;;;;;2018-01-26
12786793;supplier;Loxam City Montparnasse;montparnasse-city@loxam.fr;;;;;;;;;;2018-01-26
12786794;supplier;Loxam Bagneux;bagneux@loxam.fr;;;;;;;;;;2018-01-26
12786795;supplier;Loxam Access Rouen;;;;;;;;;;;2018-01-26
12786796;supplier;Loxam Rental;;;;;;;;;;;2018-01-26
12786797;supplier;Loxam Lyon Chassieu;lyon.chassieu@loxam.fr;;;;;;;;;;2018-01-26
12786798;supplier;Loxam Event;;;;;;;;;;;2018-01-26
12786799;supplier;Lumaled;contact@lumaled.fr;;;;;;;;;;2018-01-26
12786800;supplier;Didier MALBEQUI;dmalbequi@gmail.com;;;;;;;;;;2018-01-26
12786801;supplier;Map TV;;;;;;;;;;;2018-01-26
12786802;supplier;Mapub;villette.franck@yahoo.fr;;;;;;;;;;2018-01-26
12786803;supplier;Ma Pub;mapub@ymail.com;;;;;;;;;;2018-01-26
12786804;supplier;Marque et Print;;;;;;;;;;;2018-01-26
12786805;supplier;Masterprint XL;;;;;;;;;;;2018-01-26
12786806;supplier;Matel Group;;;;;;;;;;;2018-01-26
12786808;supplier;M.D. Structures SARL;mdstructures@gmail.com;;;;;;;;;;2018-01-26
12786809;supplier;Mediafix;;;;;;;;;;;2018-01-26
12786810;supplier;Medicis Paris;;;;;;;;;;;2018-01-26
12786811;supplier;Mediaco Grue Elevatrice;;;;;;;;;;;2018-01-26
12786812;supplier;Meteo Consult;;;;;;;;;;;2018-01-26
12786813;supplier;Metallerie Lillette;;;;;;;;;;;2018-01-26
12786814;supplier;Meteo France;;;;;;;;;;;2018-01-26
12786815;supplier;Metal Essor;metal.essor@gmail.com;;;;;;;;;;2018-01-26
12786816;supplier;MG Batiment - Tous Corps d'Etat;;;;;;;;;;;2018-01-26
12786817;supplier;Mineral Services - Poseur Palissade;;;;;;;;;;;2018-01-26
12786818;supplier;Mobile Trend;;;;;;;;;;;2018-01-26
12786819;supplier;MOCAP;;;;;;;;;;;2018-01-26
12786820;supplier;Moire Communication Visuelle;moirecommunication@gmail.com;;;;;;;;;;2018-01-26
12786821;supplier;Montligeon imprimerie cartonnage;;;;;;;;;;;2018-01-26
12786822;supplier;Atelier MORISSE-MARINI;;;;;;;;;;;2018-01-26
12786823;supplier;MOUSE;;;;;;;;;;;2018-01-26
12786824;supplier;MOUTOT imprimerie;;;;;;;;;;;2018-01-26
12786825;supplier;MP Transports & Manutention;;;;;;;;;;;2018-01-26
12786826;supplier;MSA Transport;msatransport@free.fr;;;;;;;;;;2018-01-26
12786827;supplier;Multi Signe;;;;;;;;;;;2018-01-26
12786828;supplier;Nacelle 44;;;;;;;;;;;2018-01-26
12786829;supplier;Neosign;ab@neosign.eu;;;;;;;;;;2018-01-26
12786830;supplier;Net'Concept;;;;;;;;;;;2018-01-26
12786831;supplier;ENTREPRISE  NIBERT FRANCIS;colou@neuf.fr;;;;;;;;;;2018-01-26
12786832;supplier;Nicolas Mignerey;;;;;;;;;;;2018-01-26
12786833;supplier;NORA DISTRIBUTION;audrey.a@nora-distribution.fr;;;;;;;;;;2018-01-26
12786834;supplier;Observatoire de l'Office du Tourisme;;;;;;;;;;;2018-01-26
12786835;supplier;ONE (Office Niçois emballage);;;;;;;;;;;2018-01-26
12786836;supplier;Optelo;;;;;;;;;;;2018-01-26
12786837;supplier;Optipub;;;;;;;;;;;2018-01-26
12786838;supplier;Ocus (avant OuiFlash);info@ouiflash.com;;;;;;;;;;2018-01-26
12786839;supplier;Pano Boutique Chalons-en-Champagne;;;;;;;;;;;2018-01-26
12786840;supplier;Pano Boutique Paris 18;paris18@pano-boutique.com;;;;;;;;;;2018-01-26
12786841;supplier;Pano Boutique Arcachon;arcachon@pano-boutique.com;;;;;;;;;;2018-01-26
12786842;supplier;Pano Boutique Reims;reims@pano-boutique.com;;;;;;;;;;2018-01-26
12786843;supplier;Pano La Rochelle-JCD Communication;contact@pano-larochelle.fr;;;;;;;;;;2018-01-26
12786844;supplier;Pano Sign'Service Anglet;anglet@pano-group.com;;;;;;;;;;2018-01-26
12786845;supplier;Pano Sign Service Montbeliard;montbeliard@pano-group.com;;;;;;;;;;2018-01-26
12786846;supplier;Pano Boutique Lille;panolille@wanadoo.fr;;;;;;;;;;2018-01-26
12786847;supplier;Pano Boutique Nantes - Pineau Communication;;;;;;;;;;;2018-01-26
12786848;supplier;Pano Sign'Service Reims Peller;reimspano@gmail.com;;;;;;;;;;2018-01-26
12786850;supplier;Pano Metz;panometz@orange.fr;;;;;;;;;;2018-01-26
12786851;supplier;Pano Sign Serice Saint Ouen l'Amône;saintouenlaumone@pano-group.com;;;;;;;;;;2018-01-26
12786852;supplier;Pano Boutique Montmorot;lonslesaunier@pano-boutique.com;;;;;;;;;;2018-01-26
12786853;supplier;Pano Sign'Service Troyes;troyes@pano-boutique.com;;;;;;;;;;2018-01-26
12786854;supplier;Pano Boutique Clermont Ferrand;clermontferrand@pano-boutique.com;;;;;;;;;;2018-01-26
12786855;supplier;Pano Sign'Service Evreux;evreux@pano-group.com;;;;;;;;;;2018-01-26
12786856;supplier;Pano Sign'Services Courbevoie;contact@pano-courbevoie.fr;;;;;;;;;;2018-01-26
12786857;supplier;NICOM PAO Publicite;deauvillepao@gmail.com;;;;;;;;;;2018-01-26
12786858;supplier;Paprec;;;;;;;;;;;2018-01-26
12786859;supplier;Paris B;;;;;;;;;;;2018-01-26
12786860;supplier;Paris Flash Imprim;;;;;;;;;;;2018-01-26
12786861;supplier;Para Bellum;;;;;;;;;;;2018-01-26
12786862;supplier;Pascal Lescrenier;;;;;;;;;;;2018-01-26
12786863;supplier;Patrick Marquis;patrick.marquis16@gmail.com;;;;;;;;;;2018-01-26
12786864;supplier;Peradotto Publicite;;;;;;;;;;;2018-01-26
12786865;supplier;Perrein Bois;perrein.bois@wanadoo.fr;;;;;;;;;;2018-01-26
12786866;supplier;Timothee Perrotin;timothee@designer-scenographe.com;;;;;;;;;;2018-01-26
12786867;supplier;PERIGRAPHIC;compta@peri-graphic.com;;;;;;;;;;2018-01-26
12786868;supplier;Philor;contact@philor.fr;;;;;;;;;;2018-01-26
12786869;supplier;Photograveur;;;;;;;;;;;2018-01-26
12786870;supplier;Photographe;;;;;;;;;;;2018-01-26
12786871;supplier;Picto;;;;;;;;;;;2018-01-26
12786872;supplier;PIKASSO;;;;;;;;;;;2018-01-26
12786873;supplier;Pinto Flo;;;;;;;;;;;2018-01-26
12786874;supplier;Plein les Yeux;ply.jimmy@orange.fr;;;;;;;;;;2018-01-26
12786875;supplier;PLK Enseignes;;;;;;;;;;;2018-01-26
12786876;supplier;PLV360;;;;;;;;;;;2018-01-26
12786877;supplier;PMD France;;;;;;;;;;;2018-01-26
12786878;supplier;POINT P LERICHE FLERS;POINTP.FLERS@SAINT-GOBAIN.COM;;;;;;;;;;2018-01-26
12786879;supplier;Point de vues;;;;;;;;;;;2018-01-26
12786880;supplier;Point P;;;;;;;;;;;2018-01-26
12786881;supplier;POINT P ROUEN;pointp.rouen@saint-gobain.com;;;;;;;;;;2018-01-26
12786882;supplier;Poitoo Adhesifs;;;;;;;;;;;2018-01-26
12786883;supplier;POLECREAT;polecreat64@gmail.com;;;;;;;;;;2018-01-26
12786884;supplier;Porcher Industries;;;;;;;;;;;2018-01-26
12786885;supplier;Poseur adhesif divers;;;;;;;;;;;2018-01-26
12786886;supplier;Postercolor;contact@postercolor.fr;;;;;;;;;;2018-01-26
12786887;supplier;PPG;;;;;;;;;;;2018-01-26
12786888;supplier;PPGO;contact@ppgo.fr;;;;;;;;;;2018-01-26
12786889;supplier;PRETEXTE;;;;;;;;;;;2018-01-26
12786890;supplier;Prod Effect;;;;;;;;;;;2018-01-26
12786891;supplier;PROJECTA;;;;;;;;;;;2018-01-26
12786892;supplier;Protego;;;;;;;;;;;2018-01-26
12786893;supplier;Pub Deco;compta@pubdeco.fr;;;;;;;;;;2018-01-26
12786894;supplier;Sarl Publitout;contact@publitout.fr;;;;;;;;;;2018-01-26
12786895;supplier;Publipose;;;;;;;;;;;2018-01-26
12786896;supplier;Publi Lettres;publi-lettres33@wanadoo.fr;;;;;;;;;;2018-01-26
12786897;supplier;Pulsive;;;;;;;;;;;2018-01-26
12786898;supplier;Quadri Offset;;;;;;;;;;;2018-01-26
12786899;supplier;Rekwar;monika@rekwar.com.pl;;;;;;;;;;2018-01-26
12786900;supplier;Resosign;;;;;;;;;;;2018-01-26
12786901;supplier;Reversible;;;;;;;;;;;2018-01-26
12786902;supplier;Rinterim;;;;;;;;;;;2018-01-26
12786903;supplier;Rive Media;;;;;;;;;;;2018-01-26
12786904;supplier;Roustam Abdoullaev;trallis@hotmail.fr;;;;;;;;;;2018-01-26
12786905;supplier;RTR wood;info@rtrwood.be;;;;;;;;;;2018-01-26
12786906;supplier;Sachsen Fahnen;;;;;;;;;;;2018-01-26
12786907;supplier;SAP;;;;;;;;;;;2018-01-26
12786908;supplier;SARL KS IMPORT;;;;;;;;;;;2018-01-26
12786909;supplier;SARL MSPRINT;;;;;;;;;;;2018-01-26
12786910;supplier;SARL LCM Communication;tours@pano-boutique.com;;;;;;;;;;2018-01-26
12786911;supplier;SAS CA2M;contact@ca2metal.fr;;;;;;;;;;2018-01-26
12786912;supplier;Scanbuy;;;;;;;;;;;2018-01-26
12786913;supplier;SELLERIE AUTOS MOTOS;sellerieautosmotos@wanadoo.fr;;;;;;;;;;2018-01-26
12786914;supplier;SCM Gougeon;;;;;;;;;;;2018-01-26
12786915;supplier;Sdag Adhesifs;contact@sdag.net;;;;;;;;;;2018-01-26
12786916;supplier;Secteur Public;;;;;;;;;;;2018-01-26
12786917;supplier;Septime;;;;;;;;;;;2018-01-26
12786918;supplier;Serifrance;info@serifrance.fr;;;;;;;;;;2018-01-26
12786919;supplier;Seri Pub;ed.seri.pub@wanadoo.fr;;;;;;;;;;2018-01-26
12786920;supplier;Serigraphie Berger;serigraphie.berger@wanadoo.fr;;;;;;;;;;2018-01-26
12786921;supplier;Service National des Travaux;;;;;;;;;;;2018-01-26
12786922;supplier;SEV enseigne;;;;;;;;;;;2018-01-26
12786923;supplier;SGIV Enseigne;;;;;;;;;;;2018-01-26
12786924;supplier;SGTD;contact@transports-sgtd.com;;;;;;;;;;2018-01-26
12786925;supplier;ShowTex;;;;;;;;;;;2018-01-26
12786926;supplier;Signarama;issy@signarama.fr;;;;;;;;;;2018-01-26
12786927;supplier;Sign Ware;;;;;;;;;;;2018-01-26
12786928;supplier;SIGNAPUB';signapub53@gmail.com;;;;;;;;;;2018-01-26
12786929;supplier;Signarama Paris Montmartre;parismontmartre@signarama.fr;;;;;;;;;;2018-01-26
12786930;supplier;SimpliCity;;;;;;;;;;;2018-01-26
12786931;supplier;Sipa Labo;;;;;;;;;;;2018-01-26
12786932;supplier;Societe Moderne des Signalisations;;;;;;;;;;;2018-01-26
12786933;supplier;SMV;;;;;;;;;;;2018-01-26
12786934;supplier;Sogecer Location;santurenne.thierry@sogecer.fr;;;;;;;;;;2018-01-26
12786936;supplier;Soliso Europe;soliso@soliso.com;;;;;;;;;;2018-01-26
12786937;supplier;Sommer;;;;;;;;;;;2018-01-26
12786938;supplier;Soulshake;;;;;;;;;;;2018-01-26
12786939;supplier;Spandex;commande@spandex.com;;;;;;;;;;2018-01-26
12786940;supplier;SPBT;;;;;;;;;;;2018-01-26
12786942;supplier;Stand 3D;;;;;;;;;;;2018-01-26
12786943;supplier;Stand Paris;;;;;;;;;;;2018-01-26
12786944;supplier;Stickair;;;;;;;;;;;2018-01-26
12786945;supplier;STIPA S.A.S.;;;;;;;;;;;2018-01-26
12786946;supplier;STN - TRESSAGE;;;;;;;;;;;2018-01-26
12786947;supplier;HYPHEN ARCHI;hellostudiohyphen@gmail.com;;;;;;;;;;2018-01-26
12786948;supplier;Supertape France;;;;;;;;;;;2018-01-26
12786949;supplier;Sublifab;contact@sublifab-impression.fr;;;;;;;;;;2018-01-26
12786950;supplier;Sud Acrobatic;acrobast@wanadoo.fr;;;;;;;;;;2018-01-26
12786951;supplier;Sud Aero;;;;;;;;;;;2018-01-26
12786952;supplier;Sunclear;paris@sunclear.fr;;;;;;;;;;2018-01-26
12786953;supplier;SunColors SARL;contact@suncolors.fr;;;;;;;;;;2018-01-26
12786954;supplier;Sun Design;sundesign@wanadoo.fr;;;;;;;;;;2018-01-26
12786955;supplier;Sylvie Galard graphiste;sylviegalard@free.fr;;;;;;;;;;2018-01-26
12786956;supplier;Talas Ingénierie;;;;;;;;;;;2018-01-26
12786957;supplier;Techni-Contact;;;;;;;;;;;2018-01-26
12786958;supplier;Technimat;contact@technimat.net;;;;;;;;;;2018-01-26
12786959;supplier;Tecnika;;;;;;;;;;;2018-01-26
12786960;supplier;Tele Vision;;;;;;;;;;;2018-01-26
12786962;supplier;Thibaut Perrin;;;;;;;;;;;2018-01-26
12786963;supplier;ThyssenKrupp Cadillac Plastic;;;;;;;;;;;2018-01-26
12786964;supplier;TMF;;;;;;;;;;;2018-01-26
12786965;supplier;TNT Express France;;;;;;;;;;;2018-01-26
12786966;supplier;Total Immersion;;;;;;;;;;;2018-01-26
12786967;supplier;Toulouse Imprimerie;devis@toulouse-imprimerie.com;;;;;;;;;;2018-01-26
12786968;supplier;Tout Emploi Partiel;commande@toutemploipartiel.fr;;;;;;;;;;2018-01-26
12786969;supplier;Transports Lampe;;;;;;;;;;;2018-01-26
12786970;supplier;Travaux Divers Services;tds.eric@free.fr;;;;;;;;;;2018-01-26
12786971;supplier;TRAPHOT;;;;;;;;;;;2018-01-26
12786972;supplier;TRANSPORTS HELP SERVICE;help-transports@orange.fr;;;;;;;;;;2018-01-26
12786973;supplier;Transports Le Henaff;tlh2@wanadoo.fr;;;;;;;;;;2018-01-26
12786974;supplier;Trappen Gerästbau;;;;;;;;;;;2018-01-26
12786975;supplier;TTA;tthireau@stta.fr;;;;;;;;;;2018-01-26
12786976;supplier;Univers Enseigne;;;;;;;;;;;2018-01-26
12786977;supplier;Union Bois;union.bois@wanadoo.fr;;;;;;;;;;2018-01-26
12786978;supplier;URBAN WAY;;;;;;;;;;;2018-01-26
12786979;supplier;Utram;;;;;;;;;;;2018-01-26
12786980;supplier;Valbois;;;;;;;;;;;2018-01-26
12786981;supplier;VCG Group;;;;;;;;;;;2018-01-26
12786982;supplier;Vecteurplus;;;;;;;;;;;2018-01-26
12786983;supplier;VERITAS;;;;;;;;;;;2018-01-26
12786984;supplier;Versant-Alpiniste;;;;;;;;;;;2018-01-26
12786985;supplier;Videoscope;;;;;;;;;;;2018-01-26
12786986;supplier;VISIO CONSEILS;visioconseils33@gmail.com;;;;;;;;;;2018-01-26
12786987;supplier;VISUAL SOLUTIONS;info@visualsolutions.fr;;;;;;;;;;2018-01-26
12786988;supplier;Vitrine Media;contact@vitrinemedia.com;;;;;;;;;;2018-01-26
12786989;supplier;Vit'Repro;info@vit-repro.fr;;;;;;;;;;2018-01-26
12786990;supplier;Vizrt Sports;;;;;;;;;;;2018-01-26
12786991;supplier;VKF Renzel;;;;;;;;;;;2018-01-26
12786992;supplier;Voigt Promotion Sp. z o.o.;kontakt@voigt.com.pl;;;;;;;;;;2018-01-26
12786994;supplier;VT Plastics;vt.communication@prolians.eu;;;;;;;;;;2018-01-26
12786995;supplier;Weborama;;;;;;;;;;;2018-01-26
12786996;supplier;W Factory;wfactory1969@gmail.com;;;;;;;;;;2018-01-26
12786997;supplier;x-display;info@x-display.fr;;;;;;;;;;2018-01-26
12786998;supplier;You Are Deco;;;;;;;;;;;2018-01-26
12786999;supplier;Yougo-Deco;;;;;;;;;;;2018-01-26
12787000;supplier;Z Clothing;;;;;;;;;;;2018-01-26
12787001;supplier;Zimeo Location;;;;;;;;;;;2018-01-26
12804823;supplier;Creapose;contact@creapose.fr;;;;;;;;;;2018-01-29
12895029;supplier;PANO Bordeaux Bastide - OUT;contact@pano-bordeaux-bastide.fr;;;;;;;;;;2018-01-30
12899866;supplier;Pro.Pose Services;contact@pro-pose-services.fr;;;;;;;;;;2018-01-30
12973964;supplier;Ateliers Foslin;contact@foslin.com;;;;;;;;;;2018-01-31
12986676;supplier;Julie Lemire;lemire.julie@outlook.com;;;;;;;;;;2018-02-01
13057515;supplier;TRAIN / AVION;;;;;;;;;;;2018-02-06
13059515;supplier;Hubert Simon-Barboux;;;;;;;;;;;2018-02-06
13186954;supplier;Cadre Caisse Américaine;artecuadrodeco@gmail.com;;;;;;;;;;2018-02-19
13205765;supplier;Antoine Jacquin Graphiste;antoine.jacquin@hotmail.fr;;;;;;;;;;2018-02-20
13221105;supplier;Pauline Escot;;;;;;;;;;;2018-02-20
13271075;supplier;Riverside;;;;;;;;;;;2018-02-23
13271478;supplier;Madeline Peirsman;madelinepeirsman@orange.fr;;;;;;;;;;2018-02-23
13271558;supplier;Henri Olivier;;;;;;;;;;;2018-02-23
13312151;supplier;Pano Toulouse;toulouse@pano-group.com;;;;;;;;;;2018-03-01
13372107;supplier;ENTREPRISE BASCOP;;;;;;;;;;;2018-03-07
13416417;supplier;LORBAN TP - Beton;;;;;;;;;;;2018-03-12
13416508;supplier;CISABAC;;;;;;;;;;;2018-03-12
13470352;supplier;PANEL'PUB;;;;;;;;;;;2018-03-16
13520653;supplier;sarl cultur'com-pano ST MALO;saintmalo@pano-group.com;;;;;;;;;;2018-03-20
13547765;supplier;EM'DECO;contact@em-deco.fr;;;;;;;;;;2018-03-21
13560009;supplier;Pano Rennes;;;;;;;;;;;2018-03-22
13561113;supplier;SKP DESIGN;steeldesign@wanadoo.fr;;;;;;;;;;2018-03-22
13806120;supplier;Fiberlive;pascale@fiberlive.fr;;;;;;;;;;2018-04-10
13840561;supplier;Rubio - Bois protection;;;;;;;;;;;2018-04-12
13971451;supplier;Arian;;;;;;;;;;;2018-04-24
14040521;supplier;CPub-CClean-CConseil;;;;;;;;;;;2018-05-04
14135774;supplier;Comback;;;;;;;;;;;2018-05-17
14142504;supplier;Clémenseigne;;;;;;;;;;;2018-05-17
14173353;supplier;TRANSPORTS EXCEPTIONNELS ET EUROPEENS;;;;;;;;;;;2018-05-22
14461662;supplier;SARL PUBLI CRAN - Pano Annecy;annecy@pano-group.com;;;;;;;;;;2018-06-12
14464066;supplier;FRANCE HAIE - DG2;gault.dorothee@gmail.com;;;;;;;;;;2018-06-13
14471074;supplier;ABACUS-Pano St Etienne;contact@pano-saintetienne.fr;;;;;;;;;;2018-06-14
14483823;supplier;Ulmann;;;;;;;;;;;2018-06-15
14531189;supplier;SIGN&DIGITAL SERVICES SAS / PANO Sarreguemines;contact@pano-sarreguemines.fr;;;;;;;;;;2018-06-22
14594912;supplier;Adapta Color;;;;;;;;;;;2018-06-28
14605300;supplier;Novintiss;;;;;;;;;;;2018-06-29
14703826;supplier;SAS MDM Signalétique - Pano Villeneuve d'ascq;contact@pano-villeneuvedascq.fr;;;;;;;;;;2018-07-09
14704265;supplier;UBER / TAXI;;;;;;;;;;;2018-07-09
14704434;supplier;SN Tours ENSEIGNES;contact@tours-enseignes.fr;;;;;;;;;;2018-07-09
14705997;supplier;UNITAG;;;;;;;;;;;2018-07-09
14707968;supplier;MyFonts Inc;;;;;;;;;;;2018-07-09
14711160;supplier;SOLUPROTEC / SIGNATEC;contact@signatec.fr;;;;;;;;;;2018-07-10
14753930;supplier;ARW Focus;;;;;;;;;;;2018-07-14
14903419;supplier;AUTORISATION ILE DE FRANCE - Location de barrière - AIDF;aidf@autorisation-idf.fr;;;;;;;;;;2018-07-31
14907084;supplier;DE CARVALHO - DC Creation;dccreation56@gmail.com;;;;;;;;;;2018-07-31
14966232;supplier;SUEZ RV Lourches - Recyclage;;;;;;;;;;;2018-08-07
14969491;supplier;TDC signaletique;tdc@tdc60.fr;;;;;;;;;;2018-08-08
14970782;supplier;AREPUB;;;;;;;;;;;2018-08-08
15052143;supplier;Shutterstock;;;;;;;;;;;2018-08-16
15177354;supplier;CARAIBES NUMERIC PRINT;;;;;;;;;;;2018-08-29
15190210;supplier;CTD CREATION TENDANCE DECOUVERTE;contact@groupe-michelcatalano.fr;;;;;;;;;;2018-08-30
15203772;supplier;J WAGNER PUBLICITE;;;;;;;;;;;2018-08-31
15213459;supplier;GP DECO;;;;;;;;;;;2018-08-31
15223126;supplier;vertige;;;;;;;;;;;2018-09-03
15231813;supplier;Clonex;;;;;;;;;;;2018-09-04
15231830;supplier;City;;;;;;;;;;;2018-09-04
15266853;supplier;XXL format;;;;;;;;;;;2018-09-07
15266872;supplier;Jantom;;;;;;;;;;;2018-09-07
15314646;supplier;Vertiwall;;;;;;;;;;;2018-09-13
15316408;supplier;VBC Paris;;;;;;;;;;;2018-09-13
15443606;supplier;Rent a Car;;;;;;;;;;;2018-09-26
15503873;supplier;VERT ESPACE;;;;;;;;;;;2018-09-28
15589975;supplier;HTP ANTIGRAFFITI;;;;;;;;;;;2018-10-05
15634790;supplier;pano Merignac -SARL STRATEGIES - OUT;contact@pano-merignac.fr;;;;;;;;;;2018-10-11
15665503;supplier;Reroflex;;;;;;;;;;;2018-10-15
15725293;supplier;Michael Sallit;;;;;;;;;;;2018-10-17
15738069;supplier;ARKOS INTERIM & CDI;;;;;;;;;;;2018-10-18
15783891;supplier;VISUAL MARKETING - PANO MULHOUSE RIXHEIM;contact@pano-mulhouse-rixheim.fr;;;;;;;;;;2018-10-22
15950427;supplier;LEROY MERLIN FRANCE;;;;;;;;;;;2018-11-07
16009232;supplier;Pano Langon;contact@pano-langon.fr;;;;;;;;;;2018-11-12
16036976;supplier;MONSIEUR BRYAN PAGES;;;;;;;;;;;2018-11-13
16061393;supplier;SASU BRUET SIGNALETIQUE - PANO VALENCIENNE;contact@pano-valenciennes.fr;;;;;;;;;;2018-11-15
16252792;supplier;EC INTERNATIONAL FRANCE;;;;;;;;;;;2018-11-29
16349398;supplier;F2I-APBI-BETONBLOCK;marcenatmichel@gmail.com;;;;;;;;;;2018-12-03
16377264;supplier;Victor Guittet;;;;;;;;;;;2018-12-04
16392734;supplier;Studio Zig Design;;;;;;;;;;;2018-12-05
16515768;supplier;Creativlink;;;;;;;;;;;2018-12-07
16551497;supplier;Hertz International-Location de voiture;;;;;;;;;;;2018-12-09
16561321;supplier;Kapten / Chauffeur Privé;;;;;;;;;;;2018-12-10
16620590;supplier;ARTIF TRAVAUX EN HAUTEUR SECURISES;contact@artif.fr;;;;;;;;;;2018-12-13
16710281;supplier;Megusta;;;;;;;;;;;2018-12-21
16761696;supplier;MALT;;;;;;;;;;;2019-01-02
16848101;supplier;ATELIER 3D PUBLICITE;atelier3dpub@gmail.com;;;;;;;;;;2019-01-08
16871758;supplier;Sellsy;contact@sellsy.com;;;;;;;;;;2019-01-09
17029993;supplier;MARQUAGE MODERNE;;;;;;;;;;;2019-01-17
17068770;supplier;clean tag;contact@clean-tag.fr;;;;;;;;;;2019-01-22
17068787;supplier;cleancom;;;;;;;;;;;2019-01-22
17104813;supplier;Gibert Joseph;;;;;;;;;;;2019-01-23
17172640;supplier;EURL COM RB / Pano clermont ferrand;clermontferrand@pano-group.com;;;;;;;;;;2019-01-24
17207702;supplier;C&M ENSEIGNE;c.metayer13@yahoo.fr;;;;;;;;;;2019-01-28
17215194;supplier;NORMANDIE PLIAGE;contact@normandie-pliage.com;;;;;;;;;;2019-01-29
17311366;supplier;COMMUNIDE;;;;;;;;;;;2019-02-04
17364560;supplier;GUILLOUX PUBLICITE;ggpublicite@orange.fr;;;;;;;;;;2019-02-08
17402830;supplier;Shepper;;;;;;;;;;;2019-02-12
17427276;supplier;Mirana Metzger // Atelier Forti;;;;;;;;;;;2019-02-14
17499154;supplier;ASSISTANCE TECHNIQUE GRUES (ATG);;;;;;;;;;;2019-02-20
17502788;supplier;LOXAM ACCESS marseille;marseille@loxam-access.com;;;;;;;;;;2019-02-20
17516076;supplier;MBS MANUFACTURING;respparis@mbs-manufacturing.com;;;;;;;;;;2019-02-22
17991121;supplier;Association Lateulier - Atelier de creation et de développement artistique;;;;;;;;;;;2019-03-06
18157932;supplier;HOTEL / RESTAURANT;;;;;;;;;;;2019-03-17
18224046;supplier;AVS COMMUNICATION;adeballon@avs-communication.com;;;;;;;;;;2019-03-21
18329775;supplier;Bisk art;;;;;;;;;;;2019-03-27
18362162;supplier;STUDIO 3B;;;;;;;;;;;2019-03-29
18571863;supplier;SERVICE POSE;;;;;;;;;;;2019-04-09
18698537;supplier;Chenpi Visual-Pano Sign Service Lons le Saunier;contact@pano-lonslesaunier.fr;;;;;;;;;;2019-04-15
18820622;supplier;Jessica Richer;;;;;;;;;;;2019-04-24
18938264;supplier;ETS louis Dessaint sas;;;;;;;;;;;2019-05-02
19086967;supplier;PUM PLASTIQUES SAS;;;;;;;;;;;2019-05-09
19127684;supplier;Nordic Structures;;;;;;;;;;;2019-05-10
19352897;supplier;Pano Strasbourg Nord - OUT;contact@pano-strasbourg-nord.fr;;;;;;;;;;2019-05-28
19648819;supplier;TRANSPORTS LE HENAFF;tlh2@wanadoo.fr;;;;;;;;;;2019-06-24
19686343;supplier;ART BOULEVARD;g.lecoqvallon@artboulevard.fr;;;;;;;;;;2019-06-27
19739502;supplier;VIP Ciné SAS;info.vipcine@gmail.com;;;;;;;;;;2019-07-04
19792691;supplier;AGD Media;;;;;;;;;;;2019-07-12
19845214;supplier;Wurth France;montpellier.commercial@wurth.fr;;;;;;;;;;2019-07-17
19850453;supplier;EURL IMPRESSION PERSO - Pano Nancy Ludres;contact@pano-nancy-ludres.fr;;;;;;;;;;2019-07-17
20101291;supplier;Agnes Emonet - Paysagiste;;;;;;;;;;;2019-08-20
20104271;supplier;Images d'architecture - Bertrand Francqueville;;;;;;;;;;;2019-08-20
20137006;supplier;Pano Boutique Bethune TEDD;contact@pano-bethune.fr;;;;;;;;;;2019-08-26
20154989;supplier;UBEEQO FRANCE;;;;;;;;;;;2019-08-28
20196397;supplier;tresorerie pr.municipale;;;;;;;;;;;2019-09-03
20259236;supplier;A.T.B;;;;;;;;;;;2019-09-06
20260374;supplier;QUINTE ET SENS;;;;;;;;;;;2019-09-06
20269988;supplier;SAMB;;;;;;;;;;;2019-09-09
20275513;supplier;ETUDE HUISSIER SCP J-F CASTANIE -D TALBOT-L CASTANIE;;;;;;;;;;;2019-09-09
20282253;supplier;MTB.P;mtb.p92@gmail.com;;;;;;;;;;2019-09-10
20309442;supplier;SAS CENTURION - BRET;;;;;;;;;;;2019-09-12
20316713;supplier;PUBLIMAX;contact@publimax82.fr;;;;;;;;;;2019-09-13
20436304;supplier;Get Quanty;;;;;;;;;;;2019-09-24
20476428;supplier;SEM ESPACES VERTS;contact@sem-espaces-verts.fr;;;;;;;;;;2019-09-27
20556172;supplier;ROUGIER & PLÉ;;;;;;;;;;;2019-10-01
20709778;supplier;BACHES DU 40;bachesdu40@hotmail.com;;;;;;;;;;2019-10-11
20870002;supplier;Covering'Events;coveringevents34@gmail.com;;;;;;;;;;2019-10-24
20898071;supplier;ELECTRIC AND LIGHTING CONCEPT;f.boutillez@elc-france.com;;;;;;;;;;2019-10-28
21068394;supplier;Loxam Bourg-en-Bresse;bourg.en.bresse@loxam.fr;;;;;;;;;;2019-11-13
21086171;supplier;OLIKROM-Peinture spéciale;;;;;;;;;;;2019-11-15
21159429;supplier;Peackeyes;;;;;;;;;;;2019-11-20
21239930;supplier;DECOGRAPHIC OLD;;;;;;;;;;;2019-11-27
21248362;supplier;MARKETINGEVENTS;;;;;;;;;;;2019-11-28
21388839;supplier;Pro Media Plus-ADVERTISING MEDIA AND DISPLAY SYSTEMS;;;;;;;;;;;2019-12-06
21402800;supplier;FEO TELECOM CONSEIL;;;;;;;;;;;2019-12-06
21464285;supplier;WEISROCK VOSGES - ex VOSGES LAM;info@weisrock.fr;;;;;;;;;;2019-12-10
21513951;supplier;SMS Echafaudage;;;;;;;;;;;2019-12-15
21519818;supplier;Pictor Communications-Pano Boutique Metz;;;;;;;;;;;2019-12-16
21556529;supplier;Morel Champagne;;;;;;;;;;;2019-12-18
21559541;supplier;LAFRENCHI;;;;;;;;;;;2019-12-18
21567593;supplier;Richardson Frères;;;;;;;;;;;2019-12-19
21568096;supplier;Rexel France;arceuil@rexel.fr;;;;;;;;;;2019-12-19
21573718;supplier;La Poste;;;;;;;;;;;2019-12-20
21745875;supplier;COM'ON;panonazaire@orange.fr;;;;;;;;;;2019-12-30
21824318;supplier;ACEI - Expert Comptable;;;;;;;;;;;2020-01-06
21925308;supplier;Stratao;;;;;;;;;;;2020-01-09
22305100;supplier;Mailchimp;;;;;;;;;;;2020-01-21
22324397;supplier;Simonin - bois lamellé collé;;;;;;;;;;;2020-01-21
22324488;supplier;Cosylva - bois lamellé collé;;;;;;;;;;;2020-01-21
22444518;supplier;CCOMPUB;contact@ccompub.fr;;;;;;;;;;2020-01-28
22529195;supplier;Air Com - Signarama Valence;valence@signarama.fr;;;;;;;;;;2020-02-03
22643452;supplier;IGO TRANSPORT LOGISTIQUES;exploitation@igotrans.com;;;;;;;;;;2020-02-12
22848696;supplier;ATELIER RIV;;;;;;;;;;;2020-03-03
22855542;supplier;ENSEIGNES 74;annecy@sigarama.fr;;;;;;;;;;2020-03-04
23047281;supplier;Pierric Le Helloco;pes.entreprise@gmail.com;;;;;;;;;;2020-03-19
24153164;supplier;VISSERIE SERVICE SA;;;;;;;;;;;2020-05-19
24153256;supplier;ESSENTRA COMPONENTS;;;;;;;;;;;2020-05-19
24153297;supplier;NEOTEXX;service@neomagnete.de;;;;;;;;;;2020-05-19
24153993;supplier;INVIRTUS TECHNOLOGIES;raphael@invirtus.io;;;;;;;;;;2020-05-19
24206073;supplier;SARL APAAX;info@apaax.com;;;;;;;;;;2020-05-25
24562074;supplier;Yvan ARCHENAULT Photographe;;;;;;;;;;;2020-06-11
24576793;supplier;Liebherr;;;;;;;;;;;2020-06-12
24576885;supplier;Potain;;;;;;;;;;;2020-06-12
24666884;supplier;LUMINANCE Fournisseur;;;;;;;;;;;2020-06-15
24666948;supplier;EUROPE-PARTNEAR SAS;;;;;;;;;;;2020-06-15
24737796;supplier;Qube design;;;;;;;;;;;2020-06-18
24830137;supplier;Magnet Shop magnets4you GmbH;info@magnet-shop.net;;;;;;;;;;2020-06-22
24832322;supplier;Webcraft GmbH;support@supermagnete.fr;;;;;;;;;;2020-06-22
24859523;supplier;LEGALLAIS;;;;;;;;;;;2020-06-22
25315646;supplier;NEW WAVE COMMERCE;;;;;;;;;;;2020-07-28
25317950;supplier;EURL L ATELIER MARTY;;;;;;;;;;;2020-07-28
25421348;supplier;JULIEN GAUTHIER;julien@n3xt.xyz;;;;;;;;;;2020-08-06
25556152;supplier;LEREVEREND Nicolas;123jardins91250@gmail.com;;;;;;;;;;2020-08-21
25636629;supplier;ABISTART;;;;;;;;;;;2020-08-24
25694628;supplier;SARL STATIK DIFFUSION;commercial@m2s-system.com;;;;;;;;;;2020-08-28
25962173;supplier;LVTB-LOCATION VEHICULES TRANSPORTS BOSSY;yannick.audibert@groupe-berto.com;;;;;;;;;;2020-09-16
26359221;supplier;ELOISE TRANSPORT;exploitation@eloisetransport.fr;;;;;;;;;;2020-10-08
26371654;supplier;URBAN ENVIRONNEMENT;;;;;;;;;;;2020-10-09
26846109;supplier;PLATAN;;;;;;;;;;;2020-11-05
26880745;supplier;Sandrine Ripoll - Figures libres;;;;;;;;;;;2020-11-09
26895958;supplier;AVENAO SOLUTIONS 3D;;;;;;;;;;;2020-11-10
26917908;supplier;HUGO CHAPELON;;;;;;;;;;;2020-11-12
27346666;supplier;XU COMMUNICATION;nancy@signarama.fr;;;;;;;;;;2020-11-30
27348012;supplier;PUBLI RELIEF;maggy.serazin@signarama.fr;;;;;;;;;;2020-11-30
27348102;supplier;DECOPUB;decopub-landerneau@wanadoo.fr;;;;;;;;;;2020-11-30
27351323;supplier;SARL ATOUT PUB;;;;;;;;;;;2020-11-30
27351495;supplier;ARUNDEL;devis@arfeb.fr;;;;;;;;;;2020-11-30
27370296;supplier;LE CENTRE DE MARQUAGE;cdm.corse@wanadoo.fr;;;;;;;;;;2020-12-01
27474029;supplier;Aenaria Production;;;;;;;;;;;2020-12-08
27511611;supplier;Redacteur.com / CODEUR;;;;;;;;;;;2020-12-09
27534459;supplier;SHOOOTIN FRANCE;;;;;;;;;;;2020-12-10
27697277;supplier;3L - Signarama Toulouse;julien.nicolas@signarama.fr;;;;;;;;;;2020-12-17
27764018;supplier;Adobe Systems Software;;;;;;;;;;;2020-12-23
27764027;supplier;BRUT DE BOIS;hdeboisanger@brutdebois.fr;;;;;;;;;;2020-12-23
27956725;supplier;CORPORAMA;;;;;;;;;;;2021-01-08
28038872;supplier;CASTORAMA FRANCE;;;;;;;;;;;2021-01-14
28038947;supplier;SASU LE CAROSSE D'OR;;;;;;;;;;;2021-01-14
28041528;supplier;Pierre Brault Studio;;;;;;;;;;;2021-01-14
28084237;supplier;URBANIZE;;;;;;;;;;;2021-01-15
28157798;supplier;COM 1 PUB;;;;;;;;;;;2021-01-20
28329667;supplier;Systeal;commercial@systeal.com;;;;;;;;;;2021-01-28
30065741;supplier;CAPTAIN VEGETAL;;;;;;;;;;;2021-03-29
30392314;supplier;JULIEN COUTUREAU;;;;;;;;;;;2021-04-15
30762597;supplier;Marion Bernes;;;;;;;;;;;2021-04-23
30938396;supplier;Victory Square Media Inc. dba Later;;;;;;;;;;;2021-04-30
30938501;supplier;neomagnete - neomagtec GmbH;;;;;;;;;;;2021-04-30
31035042;supplier;SYCAMI;;;;;;;;;;;2021-05-03
31156795;supplier;LC FOUNDRY;info@rybacki-iron.com;;;;;;;;;;2021-05-05
31394301;supplier;3DI SARL;info@3d-incrust.fr;;;;;;;;;;2021-05-21
31405998;supplier;RAJA;;;;;;;;;;;2021-05-24
31407482;supplier;SOLUTIONS EVENEMENTS;;;;;;;;;;;2021-05-24
31772677;supplier;FOUSSIER;;;;;;;;;;;2021-06-04
31826404;supplier;TRANSPORT LOGISTIQUE SERVICE 91;;;;;;;;;;;2021-06-07
31833101;supplier;Les ateliers 81;;;;;;;;;;;2021-06-08
32038899;supplier;COSYLVA;cosylva@cosylva.com;;;;;;;;;;2021-06-17
32039089;supplier;SOC A BOMBOIS ET CIE;contact@bombois.com;;;;;;;;;;2021-06-17
32040126;supplier;SIMONIN S.A.S.;simonin@simonin.com;;;;;;;;;;2021-06-17
32040909;supplier;SCIERIES DU FOREZ ETABLISSEMENTS LEVIGNE;;;;;;;;;;;2021-06-17
32041390;supplier;A.C.D.F. INDUSTRIE;;;;;;;;;;;2021-06-17
32041764;supplier;MOULINVEST;a.bourgeat@moulinvest.com;;;;;;;;;;2021-06-17
32042026;supplier;MLC Menuiserie;;;;;;;;;;;2021-06-17
32042081;supplier;BARTHOLOME ET FILS;;;;;;;;;;;2021-06-17
32042221;supplier;menuiserie chevarin;sarlchevarin@wanadoo.fr;;;;;;;;;;2021-06-17
32042409;supplier;CREABOIS;;;;;;;;;;;2021-06-17
32042473;supplier;JULIEN DORCHIES;;;;;;;;;;;2021-06-17
32042573;supplier;SAS DURIEUX ET FILS;contact@durieuxetfils.com;;;;;;;;;;2021-06-17
32042624;supplier;ETS.D.MICHEL;etsdmichel@orange.fr;;;;;;;;;;2021-06-17
32042661;supplier;GUILHOT CONSTRUCTION BOIS;contact@guilhot-constructionbois.fr;;;;;;;;;;2021-06-17
32043311;supplier;SARL MENUISERIE BOUYSSE;contact@bouysse-menuiserie.com;;;;;;;;;;2021-06-17
32043430;supplier;MCA-LAZARO;contact@mca-ossature-bois.com;;;;;;;;;;2021-06-17
32043473;supplier;SARL RDL BEAUDONNAT;rdl.beaudonnat@wanadoo.fr;;;;;;;;;;2021-06-17
32043626;supplier;BOIS COLLE D'AUVERGNE - B.C.A.;contact@bca63.com;;;;;;;;;;2021-06-17
32043706;supplier;ETABLISSEMENTS VEYRIERE;;;;;;;;;;;2021-06-17
32043936;supplier;DESMONTS;remy.desmonts@orange.fr;;;;;;;;;;2021-06-17
32044027;supplier;LES ETABLISSEMENTS GIFFARD;contact@giffard.fr;;;;;;;;;;2021-06-17
32044180;supplier;ALAIN LAINE MENUISIER;;;;;;;;;;;2021-06-17
32044212;supplier;ENTREPRISE CUILLER FRERES;contact@cuiller.fr;;;;;;;;;;2021-06-17
32108522;supplier;VISSERIE SERVICE SA _OLD;service.client@vis-express.fr;;;;;;;;;;2021-06-21
32111172;supplier;BOUTET;commercial@boutet.fr;;;;;;;;;;2021-06-22
32203176;supplier;L'ATELIER DE NIZAR;;;;;;;;;;;2021-06-29
32248262;supplier;TECHNO SIGN;c.elgaoute@technosign.fr;;;;;;;;;;2021-06-30
32516763;supplier;Isabelle de Gislain de Bontin;;;;;;;;;;;2021-07-16
32601749;supplier;ALKERN FRANCE - Béton;;;;;;;;;;;2021-07-20
32933621;supplier;Rentforce;larochelle@rentforce.fr;;;;;;;;;;2021-08-10
33030986;supplier;KAMELEON;contact@kameleon69.com;;;;;;;;;;2021-08-17
33130462;supplier;Extrême Sens pose;pose33@free.fr;;;;;;;;;;2021-08-24
33168799;supplier;Studio Plus;studio01@studioplus.pl;;;;;;;;;;2021-08-30
33171731;supplier;MONTIEGE PRECISION MECANIQUE SARL;;;;;;;;;;;2021-08-30
33173387;supplier;BROUILLET PRODUCTION;;;;;;;;;;;2021-08-30
33173621;supplier;GTH AGENCEMENT - GROUPE DUBOIS;;;;;;;;;;;2021-08-30
33313078;supplier;SMG TOLERIE;louis.sitkiewiez@smgconfrere.com;;;;;;;;;;2021-09-10
33532149;supplier;CREATEM;contact@createm.fr;;;;;;;;;;2021-09-21
33593145;supplier;TOLARTOIS;;;;;;;;;;;2021-09-23
34171388;supplier;COURSIER.FR;;;;;;;;;;;2021-10-08
34245137;supplier;CASAPUB;;;;;;;;;;;2021-10-13
34267010;supplier;Extreme Graphics;contact@extreme-graphics.fr;;;;;;;;;;2021-10-14
34268881;supplier;SOCIETE ARGENTONNAISE D'AMEUBLEMENT;;;;;;;;;;;2021-10-14
34287833;supplier;CARESTIA;;;;;;;;;;;2021-10-15
34307561;supplier;DECOGRAPHIC;contact@decographic44.fr;;;;;;;;;;2021-10-18
34332511;supplier;CLE LOGISTIQUE EXPRESS;;;;;;;;;;;2021-10-20
34425068;supplier;SIGNALETIC;signaleticayach@hotmail.fr;;;;;;;;;;2021-10-22
34514831;supplier;SIGN PLUS;enseignesignplus@orange.fr;;;;;;;;;;2021-10-26
34538294;supplier;VERLINDE ASSOCIES;anatole@demenagement-verlinde.com;;;;;;;;;;2021-10-26
34545019;supplier;TRANSPORTS SUPIOT LOUIS-MARIE;contact@transportssupiot.com;;;;;;;;;;2021-10-27
34579707;supplier;FISCHER BOIS;;;;;;;;;;;2021-10-28
34639686;supplier;Iris Rein;irisrein2@gmail.com;;;;;;;;;;2021-11-03
34652936;supplier;SYLNEO;;;;;;;;;;;2021-11-04
34901344;supplier;AD Pose adhésif Strasbourg;poseadhesif@gmail.com;;;;;;;;;;2021-11-15
35091244;supplier;Avenue Foch Street Event;;;;;;;;;;;2021-11-25
35118672;supplier;Frais de projet;;;;;;;;;;;2021-11-26
35118715;supplier;Frais Kilométriques;;;;;;;;;;;2021-11-26
35277509;supplier;INS Imprimerie;;;;;;;;;;;2021-12-03
35347529;supplier;AMIPOSE;;;;;;;;;;;2021-12-09
35472522;supplier;SOCIETE NOUVELLE CORNU EMBALLEURS;;;;;;;;;;;2021-12-16
35485968;supplier;SIGNAL & SENS;;;;;;;;;;;2021-12-17
35772571;supplier;THOMAS COLOMIES;t.colomies@icloud.com;;;;;;;;;;2021-12-27
36507923;supplier;AGRIP';;;;;;;;;;;2022-01-25
36543069;supplier;TOM BIZET;;;;;;;;;;;2022-01-27
36766048;supplier;ANJOU SOUS TRAITANCE;contact@ast-tolerie.fr;;;;;;;;;;2022-02-10
36779800;supplier;CABINET GERMAIN ET MAUREAU;;;;;;;;;;;2022-02-11
36970864;supplier;GROSJEAN;contact@grosjean-bois.com;;;;;;;;;;2022-02-22
37054442;supplier;ATELIERS CASSANDRE;contact@atelierscassandre.com;;;;;;;;;;2022-02-25
37140516;supplier;JOKER LOG;administratif.savigny@jokerlog.fr;;;;;;;;;;2022-03-01
37371604;supplier;AGENCE PLASTIMAGE;;;;;;;;;;;2022-03-10
37449761;supplier;YDEMAKER;;;;;;;;;;;2022-03-16
37514510;supplier;DESIGN GRAPHIC'S;contact@design-graphics.fr;;;;;;;;;;2022-03-18
37558637;supplier;Stéphane Entretien Peinture;francepeinture17@gmail.com;;;;;;;;;;2022-03-21
37907291;supplier;STEPHANE BRUDY HUISSIER DE JUSTICE ASSOCIE  SOCIETE CIVILE PROFESSIONNELLE  TITULAIRE D'UN OFFICE D'HUISSIER DE JUSTICE;;;;;;;;;;;2022-04-15
38066917;supplier;DCLK Pub-Deelan Calloo;;;;;;;;;;;2022-04-27
38168282;supplier;BASILE DUBROEUCQ;;;;;;;;;;;2022-05-04
38207215;supplier;Mongin;c.couillet@dgm-mongin.com;;;;;;;;;;2022-05-05
38375866;supplier;JOKER TRANS LOG;;;;;;;;;;;2022-05-16
38457406;supplier;RAYAN BAT;rayan.bat2020@hotmail.com;;;;;;;;;;2022-05-20
38573996;supplier;agoda;;;;;;;;;;;2022-05-31
38581597;supplier;COSTAMAGNA DISTRIBUTION;;;;;;;;;;;2022-05-31
38603555;supplier;LES DECLICS DELICATS;;;;;;;;;;;2022-06-01
38627019;supplier;CABAX;;;;;;;;;;;2022-06-02
38644756;supplier;BB BENNES;bbbennes.transports@gmail.com;;;;;;;;;;2022-06-03
38664714;supplier;M18;;;;;;;;;;;2022-06-07
38681141;supplier;JBR;;;;;;;;;;;2022-06-07
38980040;supplier;VINK FRANCE;;;;;;;;;;;2022-06-24
38983637;supplier;APPEL FRET SERVICE;exploitation@appel-fret.com;;;;;;;;;;2022-06-24
38988694;supplier;PIX PALOMA / STEVE DUPRIEZ;;;;;;;;;;;2022-06-24
39054648;supplier;Contern;info@contern.com;;;;;;;;;;2022-06-28
39076602;supplier;Lemon Zest Digital;;;;;;;;;;;2022-06-29
39466800;supplier;TEC TEX;;;;;;;;;;;2022-07-13
39473946;supplier;CHRISTIAN NLATE;;;;;;;;;;;2022-07-13
39480648;supplier;HL GESTCOM EVENTS;;;;;;;;;;;2022-07-14
39632919;supplier;FRANCE BOIS IMPREGNES;;;;;;;;;;;2022-07-20
39637435;supplier;Int Print;;;;;;;;;;;2022-07-20
39675850;supplier;ETPV - JOSE DA COSTA GOMES;;;;;;;;;;;2022-07-22
39684554;supplier;Kork / Liege24;;;;;;;;;;;2022-07-24
39704214;supplier;BETONS DU PAYS DE REDON;;;;;;;;;;;2022-07-26
39704253;supplier;IMPRELORRAINE ET ENTREPRISE BERNHARD;;;;;;;;;;;2022-07-26
40345118;supplier;G.A.R.I.C. SECURITE;garic.securite@orange.fr;;;;;;;;;;2022-09-06
40376974;supplier;SM BOIS;;;;;;;;;;;2022-09-08
40541628;supplier;COMPTOIR BARILLET DES BOIS ET MATERIAUX;;;;;;;;;;;2022-09-16
40594504;supplier;KF SIGNALETIQUE;contact@pano-valence.fr;;;;;;;;;;2022-09-20
40600045;supplier;BRICO DEPOT;;;;;;;;;;;2022-09-20
40629482;supplier;MP FRANCE;;;;;;;;;;;2022-09-21
41053170;supplier;CDPOSE PUB;;;;;;;;;;;2022-10-06
41309509;supplier;AUTORISATION ILE DE FRANCE;aidf@aidf.pro;;;;;;;;;;2022-10-20
41575630;supplier;ASRESEAU13;;;;;;;;;;;2022-11-02
41691427;supplier;CPS;cps.rumeau7@orange.fr;;;;;;;;;;2022-11-07
41764676;supplier;TRANSPORTS GROUSSARD SA;commandes93@tps-groussard.fr;;;;;;;;;;2022-11-09
42115660;supplier;SPICE & TEA;;;;;;;;;;;2022-11-26
42297087;supplier;MKM Tours;reflets.jaunes@wanadoo.fr;;;;;;;;;;2022-12-02
42300695;supplier;Groupe Coquet;;;;;;;;;;;2022-12-02
42754250;supplier;FRANCKY LELIEVRE;fl.adhesiveur.poseur@gmail.com;;;;;;;;;;2022-12-19
42833031;supplier;REAMETAL;;;;;;;;;;;2022-12-23
43002524;supplier;RHINOS SOLUTIONS;;;;;;;;;;;2023-01-04
43166189;supplier;D M E S;dmes.ent@gmail.com;;;;;;;;;;2023-01-11
43677501;supplier;FC distribution / Ebox-drive;contact@fc-distribution.com;;;;;;;;;;2023-01-26
43744391;supplier;EQUIPEMENTECH;commande-client@equipementech.fr;;;;;;;;;;2023-01-27
43995792;supplier;L'AGENCE DE FAB;;;;;;;;;;;2023-02-07
44046824;supplier;SARL AFFIPOSE BOTTIN PATRICK;contact@affiprint.fr;;;;;;;;;;2023-02-08
44258379;supplier;JADE;;;;;;;;;;;2023-02-20
44459697;supplier;SOCIETE GENERALE;;;;;;;;;;;2023-02-27
44810367;supplier;CHAMBRE DE COMMERCE ET D INDUSTRIE DE REGION PARIS ILE DE FRANCE;;;;;;;;;;;2023-03-09
44891885;supplier;TRANSPORTS DEPANNAGES SERVICES 77;;;;;;;;;;;2023-03-14
45087616;supplier;LE COMPTOIR D'EMILE;;;;;;;;;;;2023-03-22
45179517;supplier;AUCHAN SUPERMARCHE;;;;;;;;;;;2023-03-27
45200749;supplier;SERV ' ELEC 13 RUOPOLI JULIEN;servelectreize@gmail.com;;;;;;;;;;2023-03-28
45399763;supplier;SELM;;;;;;;;;;;2023-04-07
45401179;supplier;ATOUT FER PRODUITS METALLURGIQUES;;;;;;;;;;;2023-04-07
45401355;supplier;TOUTEMBAL;;;;;;;;;;;2023-04-07
45523561;supplier;ALU POUR TOUS;;;;;;;;;;;2023-04-17
45545470;supplier;ELEC PRO DIS;;;;;;;;;;;2023-04-18
45548713;supplier;mbo Osswald GmbH & Co KG;info@mbo-osswald.de;;;;;;;;;;2023-04-18
45600231;supplier;Webcraft - supermagnete;support@supermagnete.fr;;;;;;;;;;2023-04-20
45639549;supplier;EURL 74 GRAND RUE;contact@hotel-ligaro.com;;;;;;;;;;2023-04-21
45639805;supplier;J BESSON TRANSPORT;paris@reseaubesson.com;;;;;;;;;;2023-04-21
45691277;supplier;AMAZON FR;;;;;;;;;;;2023-04-24
45760676;supplier;OXINO;;;;;;;;;;;2023-04-26
45861551;supplier;MEDIACOVER;mediacover78@gmail.com;;;;;;;;;;2023-05-03
46056529;supplier;JARNIAS TRAVAUX SPECIAUX;adv@jarnias.fr;;;;;;;;;;2023-05-12
46179984;supplier;HORUSBATI;horusbati@gmail.com;;;;;;;;;;2023-05-22
46206321;supplier;AN A'VEL;bruno.anavel@gmail.com;;;;;;;;;;2023-05-23
46249494;supplier;FREDERIC BOSSARD;toutelapose@gmail.com;;;;;;;;;;2023-05-26
46309717;supplier;MEGA POSE;;;;;;;;;;;2023-05-29
46380011;supplier;SOCIETE EQUIPEMENT ET SERVICES;contact@echafaudages-ses.com;;;;;;;;;;2023-06-01
46390720;supplier;mirrorINOX;;;;;;;;;;;2023-06-02
46465993;supplier;FUSION GRAPHIC;contact@fusiongraphic.fr;;;;;;;;;;2023-06-07
46506959;supplier;W Distribution Bois;info@wdistribution-bois.com;;;;;;;;;;2023-06-09
46533684;supplier;DROPCONTACT;;;;;;;;;;;2023-06-12
46536285;supplier;LEMPIRE;;;;;;;;;;;2023-06-12
46578229;supplier;Restaurant;;;;;;;;;;;2023-06-15
46606976;supplier;IDENTILUX;;;;;;;;;;;2023-06-16
46638308;supplier;SEBA INGENIERIE;;;;;;;;;;;2023-06-19
46639018;supplier;DZ ALUMINIUM;;;;;;;;;;;2023-06-19
46852032;supplier;BATOUT13;efourmeau.batout13@gmail.com;;;;;;;;;;2023-06-27
47117875;supplier;LMERY.COM;lmery.communication@gmail.com;;;;;;;;;;2023-07-10
47265785;supplier;LE CORDISTE FRANCAIS;lcf.direction@lecordistefrancais.fr;;;;;;;;;;2023-07-17
47512882;supplier;Mako TSL FTL;;;;;;;;;;;2023-07-26
47543051;supplier;ACCESSUR ECHAFAUDAGES;;;;;;;;;;;2023-07-27
47971166;supplier;K'ALP ENSEIGNE;contact@kalp.fr;;;;;;;;;;2023-08-03
48219888;supplier;VISUAL COM'STUDIO;;;;;;;;;;;2023-08-25
48320271;supplier;GOUNOT;;;;;;;;;;;2023-09-01
48389182;supplier;TRANSPORTS RAPIDES J BESSON ET CIE;;;;;;;;;;;2023-09-04
48391198;supplier;SODIKAP;affretement@sodikap.com;;;;;;;;;;2023-09-04
48393632;supplier;PRO TECH;protechloiret@gmail.com;;;;;;;;;;2023-09-04
48512922;supplier;GUILLOT PREFA;;;;;;;;;;;2023-09-12
48527451;supplier;AZ ELEC;;;;;;;;;;;2023-09-13
48578303;supplier;FIXTOUT;;;;;;;;;;;2023-09-18
48578520;supplier;David Farauru - AE;dnewcal@gmail.com;;;;;;;;;;2023-09-18
48669427;supplier;GROUPE BACACIER;;;;;;;;;;;2023-09-22
48715729;supplier;IF COM;;;;;;;;;;;2023-09-26
48727645;supplier;FLEXATRANS;;;;;;;;;;;2023-09-27
48754747;supplier;AEG - ACTION ENERGIE GENERALE;;;;;;;;;;;2023-09-29
48785067;supplier;COBOT IT;;;;;;;;;;;2023-10-01
48872770;supplier;Canva;;;;;;;;;;;2023-10-03
48938226;supplier;JAM DIFUS';contact@luminis-films.com;;;;;;;;;;2023-10-05
49042368;supplier;CERGY VIS;info@bricovis.fr;;;;;;;;;;2023-10-10
49103032;supplier;SOCIETE CAUDRON FRERES;;;;;;;;;;;2023-10-13
49268675;supplier;K2L TRANSPORTS;contact@k2ltransports.com;;;;;;;;;;2023-10-16
49272567;supplier;ATLANTIQUE-Signarama;;;;;;;;;;;2023-10-16
49334722;supplier;Christopher Haynes;christopherhaynesparis@gmail.com;;;;;;;;;;2023-10-18
49376656;supplier;BRICOMAN;;;;;;;;;;;2023-10-20
49377235;supplier;LA PLATEFORME;;;;;;;;;;;2023-10-20
49446950;supplier;METALLERIE FRANCOIS;;;;;;;;;;;2023-10-24
49602308;supplier;ENSEIGNES DU LOIRET;contact@edl45.fr;;;;;;;;;;2023-11-02
49606203;supplier;KLOECKNER METALS FRANCE;;;;;;;;;;;2023-11-02
49905481;supplier;CIF Bois;;;;;;;;;;;2023-11-15
50215108;supplier;PIVETEAU BOIS;;;;;;;;;;;2023-11-29
50310277;supplier;ABC CONTROLE;;;;;;;;;;;2023-12-05
50376290;supplier;GRAPHIPRO;info@graphipro.fr;;;;;;;;;;2023-12-08
50868426;supplier;KILOUTOU;kiloutou-7200@kiloutou.fr;;;;;;;;;;2023-12-28
50912452;supplier;COVALTEX;contact@covaltex.com;;;;;;;;;;2024-01-02
51015169;supplier;BERNER;;;;;;;;;;;2024-01-05
51107430;supplier;DERICHEBOURG PROPRETE;;;;;;;;;;;2024-01-09
51655963;supplier;2GT;;;;;;;;;;;2024-01-24
51752567;supplier;LOXAM AUBERVILLIERS;stade.de.france@loxam.fr;;;;;;;;;;2024-01-30
51788736;supplier;NICOLAS BESSE;arplast@hotmail.fr;;;;;;;;;;2024-01-31
51854069;supplier;AU FORUM DU BATIMENT;;;;;;;;;;;2024-02-05
51859330;supplier;MR.BRICOLAGE;;;;;;;;;;;2024-02-05
51922706;supplier;SO-MA-TER;;;;;;;;;;;2024-02-07
52073781;supplier;SOC LE CAMELEON;;;;;;;;;;;2024-02-14
52265220;supplier;The Fabrik Digital;;;;;;;;;;;2024-02-22
52531932;supplier;RT CLIM;;;;;;;;;;;2024-02-29
52542246;supplier;HAM ENERGIE;;;;;;;;;;;2024-03-01
52570274;supplier;COMPTOIR ELECTRIQUE FRANCAIS - YESSS;yoann.crosnier@yesss-fr.com;;;;;;;;;;2024-03-04
52588136;supplier;LinkedIn;;;;;;;;;;;2024-03-05
52654085;supplier;KSK;;;;;;;;;;;2024-03-08
52731239;supplier;PAPETERIE XAVERAM;;;;;;;;;;;2024-03-13
52745856;supplier;LA PALETTE;;;;;;;;;;;2024-03-13
52797146;supplier;AFFRETEMENT TRANSPORT CATALAN;atc@groupekennycoin.com;;;;;;;;;;2024-03-18
52817645;supplier;DIRECT ENSEIGNES FRANCE;;;;;;;;;;;2024-03-18
52882077;supplier;QUINCAILLERIE ANGLES;;;;;;;;;;;2024-03-19
52887586;supplier;Sudelev Paris;;;;;;;;;;;2024-03-19
52915023;supplier;COPIE CREA;contact@copie-crea.fr;;;;;;;;;;2024-03-20
53067929;supplier;RM ENSEIGNE;contact@rmenseigne.com;;;;;;;;;;2024-03-22
53124345;supplier;H & X METAL;hx.metal.fr@gmail.com;;;;;;;;;;2024-03-26
53129432;supplier;ESSE;contact@esse.fr;;;;;;;;;;2024-03-26
53132872;supplier;MANUTAN;commande@manutan.fr;;;;;;;;;;2024-03-26
53308698;supplier;COLIBRI SAS;;;;;;;;;;;2024-04-04
53312587;supplier;TRANSPORTS RIVIERE;;;;;;;;;;;2024-04-04
53321280;supplier;ENVHYRO - DALLE SOL;;;;;;;;;;;2024-04-05
53456966;supplier;ROUDENN GRAFIK GROUPE;pda@roudenn.bzh;;;;;;;;;;2024-04-10
53605011;supplier;POINT P S.A.S.;;;;;;;;;;;2024-04-16
53605422;supplier;CARREFOUR HYPERMARCHES;;;;;;;;;;;2024-04-16
53642657;supplier;EDA SERVICES;;;;;;;;;;;2024-04-17
53824244;supplier;COANUS METAL;;;;;;;;;;;2024-04-19
53827342;supplier;VARAX EURL;;;;;;;;;;;2024-04-19
53914485;supplier;S.N.D METAL;sndmetal2018@gmail.com;;;;;;;;;;2024-04-25
53914765;supplier;MARTIN HEULIN;;;;;;;;;;;2024-04-25
54091765;supplier;MAG'PLUS;;;;;;;;;;;2024-04-29
54174972;supplier;GBM FRANCE;contact@gbm-france.com;;;;;;;;;;2024-05-02
54202295;supplier;LOXAM;;;;;;;;;;;2024-05-03
54202449;supplier;LOXAM;;;;;;;;;;;2024-05-03
54202548;supplier;LOXAM;;;;;;;;;;;2024-05-03
54202657;supplier;LOXAM;;;;;;;;;;;2024-05-03
54650971;supplier;BOIS ET DERIVES DU MAINE;lemans@yvonfils.com;;;;;;;;;;2024-05-27
54724811;supplier;MOHAMED SAJID;;;;;;;;;;;2024-05-28
54991717;supplier;M.S LEVAGE;;;;;;;;;;;2024-06-04
55140331;supplier;LOXAM Caudan;epinay.sur.seine@loxam.fr;;;;;;;;;;2024-06-11
55294741;supplier;LDBRIC (Bricorama);;;;;;;;;;;2024-06-18
55316249;supplier;LOXAM;le.mans.sud@loxam.fr;;;;;;;;;;2024-06-18
55320398;supplier;TWELVE CAR (Fly Car);montrouge@fly-car.fr;;;;;;;;;;2024-06-18
55346333;supplier;SHENG DA LONG;sedalo@hotmail.fr;;;;;;;;;;2024-06-19
55346528;supplier;C. C. T. (Batizone);;;;;;;;;;;2024-06-19
55353010;supplier;RAPIDO' BLOC;contact@rapidobloc.fr;;;;;;;;;;2024-06-20
55419209;supplier;SIXT BHEEKAREE LOCATIONS;service.clientele@sixt.com;;;;;;;;;;2024-06-22
55476985;supplier;Bleublanc - LOCAT DIFFUS MATER BATIM MANGEARD FILS;;;;;;;;;;;2024-06-24
55529064;supplier;M-LOC;;;;;;;;;;;2024-06-25
55545226;supplier;SOCIETE D'EXPLOITATION DES ANCIENS ETABLISSEMENTS BRANGER;;;;;;;;;;;2024-06-25
55583898;supplier;COMMERSENS;;;;;;;;;;;2024-06-27
55901328;supplier;TRANSPORT TOUSSAINT;;;;;;;;;;;2024-07-08
56115884;supplier;Autodesk Ireland Operations UC;;;;;;;;;;;2024-07-15
56982618;supplier;PANABEE;;;;;;;;;;;2024-08-01
57201415;supplier;DBD;chtx@dbd36.fr;;;;;;;;;;2024-08-12
57360295;supplier;Proetra-BULLEPRO;fabrice.pizelle@bulleprint.com;;;;;;;;;;2024-08-20
57635960;supplier;C L'enseigne - CLEMENT METAYER;enseignecl@gmail.com;;;;;;;;;;2024-09-03
57915299;supplier;SHU STUDIO;;;;;;;;;;;2024-09-11
57916613;supplier;CEREMONIES AND CO;;;;;;;;;;;2024-09-11
57921445;supplier;ANCHORBLOC LIMITED;;;;;;;;;;;2024-09-20
57921447;supplier;Aluparts B.V.;;;;;;;;;;;2024-09-25
57921448;supplier;TRANSPORT FAILLU TONY;;;;;;;;;;;2024-09-30
57921449;supplier;SIXT SAS;service.clientele@sixt.com;;;;;;;;;;2024-10-01
57921450;supplier;ITEM INDUSTRIETECHNIK U MASCHINENBAU GMBH;;;;;;;;;;;2024-10-01
57921451;supplier;ACTIVE TOLERIE;alban.trognon@activetolerie.fr;;;;;;;;;;2024-10-01
57921455;supplier;Metokake - recylage bache et produits imprimés;;;;;;;;;;;2024-10-08
57921459;supplier;MEROUANE BOUAZZAOUI;;;;;;;;;;;2024-10-15
57921461;supplier;Céleste Rein;;;;;;;;;;;2024-10-16
57921462;supplier;DERREY SAS;;;;;;;;;;;2024-10-17
57921496;supplier;PELTIER BOIS - PARIS BOIS;;;;;;;;;;;2024-10-23
57921497;supplier;RATHEAU SAS;;;;;;;;;;;2024-10-23
57921499;supplier;COMPTOIR GENERAL POUR LA FERMETURE;contact@cogeferm.fr;;;;;;;;;;2024-10-28
57921500;supplier;ACCESS EXPERTISE;;;;;;;;;;;2024-10-29
57921501;supplier;KILOUTOU;agence0290@kiloutou.fr;;;;;;;;;;2024-10-30
57921504;supplier;LIFTASUD;idf.commercial@liftasud.fr;;;;;;;;;;2024-11-04
57921505;supplier;Hoper;;;;;;;;;;;2024-11-04
57921510;supplier;VERTICAL MEADOW LTD;;;;;;;;;;;2024-11-08
57921513;supplier;HUCHER DEPANNAGE ELECTRICITE;contact@hdeservice.fr;;;;;;;;;;2024-11-13
57921517;supplier;BERNARD;info@bernard.fr;;;;;;;;;;2024-11-15
57921519;supplier;Daussion;info@daussion.com;;;;;;;;;;2024-11-18
57921520;supplier;2spi;parantgerman@gmail.com;;;;;;;;;;2024-11-19
57921526;supplier;DASHLANE;;;;;;;;;;;2024-11-22
57921527;supplier;SNCF RESEAU;;;;;;;;;;;2024-11-22
57921528;supplier;SOCIETE GENERALE DES BOIS;contact@generaledesbois.fr;;;;;;;;;;2024-11-22
57921532;supplier;CABINET GUILLON - DELLIS;;;;;;;;;;;2024-11-25
57921533;supplier;INNOVIA;;;;;;;;;;;2024-11-27
57921534;supplier;ADE HOLDING;ampassi@ad-education.com;;;;;;;;;;2024-11-28
57921536;supplier;REEPORTING;;;;;;;;;;;2024-11-28
57921538;supplier;GRAPHORIZON;contact@graphorizon.com;;;;;;;;;;2024-11-29
57921540;supplier;GOUACHE BEAUX-ARTS PARIS;;;;;;;;;;;2024-12-02
57921541;supplier;GOOGLE CLOUD FRANCE;;;;;;;;;;;2024-12-03
57921542;supplier;G7;;;;;;;;;;;2024-12-03
57921543;supplier;POP FRANCE (ObjetRama);comptaclient@objetrama.fr;;;;;;;;;;2024-12-03
57921544;supplier;LIDL;contact.ecommerce@lidl.fr;;;;;;;;;;2024-12-03
57921545;supplier;WEEZEVENT;info@legrandpalaisdesglaces.fr;;;;;;;;;;2024-12-03
57921546;supplier;3.5.7. IMMO;;;;;;;;;;;2024-12-03
57921583;supplier;qpool24;kundenbetreuung@qpool24.com;;;;;;;;;;2024-12-09
57921584;supplier;SARL SERVICES RAPIDES (INNOVIA);facturation@innovia-france.com;;;;;;;;;;2024-12-09
57921587;supplier;TRAINLINE S.A.S.;;;;;;;;;;;2024-12-12
57921589;supplier;Booking.com B.V.;;;;;;;;;;;2024-12-13
57921590;supplier;TSH TOULOUSE OPCO;;;;;;;;;;;2024-12-13
57921591;supplier;SOCIETE D'EXPLOITATION PARNASCOPY;devis@parnascopy.com;;;;;;;;;;2024-12-16
57921592;supplier;TANSA FRANCE;contact@tansa.fr;;;;;;;;;;2024-12-17
57921593;supplier;MARC SCHUBEL SA;jdinis@transports-schubel.com;;;;;;;;;;2024-12-18
57921594;supplier;Chaos Software GmbH;;;;;;;;;;;2024-12-20
57921597;supplier;MISUMI;team.france@misumi-europe.com;;;;;;;;;;2025-01-08
57921598;supplier;PEGASUS LEADERSHIP;;;;;;;;;;;2025-01-09
57921601;supplier;BLACKOUT;;;;;;;;;;;2025-01-15
57921602;supplier;ASS PROGRES DU MANAGEMENT;;;;;;;;;;;2025-01-15
57921603;supplier;ALLIANCE GAZ;contact@alliancegaz.fr;;;;;;;;;;2025-01-16
57921609;supplier;TETE ROUSSE;welcome@teterousse.com;;;;;;;;;;2025-01-28
57921610;supplier;BJT PARTNERS (Ringover);;;;;;;;;;;2025-01-28
57921611;supplier;MLA-MG (Legroup F);contact@legroup.fr;;;;;;;;;;2025-01-29
57921621;supplier;ASS INT CTRE MED SOCIAUX REG ILE FRANCE (ACMS);;;;;;;;;;;2025-02-10
57921625;supplier;METAL DEPLOYE;;;;;;;;;;;2025-02-13
57921626;supplier;INSIDE OUT;contact@assemblagetubulaire.fr;;;;;;;;;;2025-02-13
57921627;supplier;RMG;contact@rmg-signaletique.fr;;;;;;;;;;2025-02-14
57921628;supplier;WEBSILOR;;;;;;;;;;;2025-02-14
57921629;supplier;MALOUCA ROSSI VENTE;;;;;;;;;;;2025-02-14
57921631;supplier;GROUPE MDSA NEGOCE;;;;;;;;;;;2025-02-17
57921635;supplier;EXELGREEN;estore@exelgreen.com;;;;;;;;;;2025-02-20
57921643;supplier;RIMAS;rimas2bk@gmail.com;;;;;;;;;;2025-03-05
57921645;supplier;ATELIER PRINT 94;;;;;;;;;;;2025-03-11
57921652;supplier;PHIL'EVENT;phil.event.deco@gmail.com;;;;;;;;;;2025-03-25
57921691;supplier;OXYSIGN;;;;;;;;;;;2025-04-02
57921701;supplier;RS COMPONENTS SAS;;;;;;;;;;;2025-04-11
57921702;supplier;3iD Vision;moutardl@yahoo.fr;;;;;;;;;;2025-04-11
57921704;supplier;BRADY GROUPE;;;;;;;;;;;2025-04-11
57921708;supplier;LE ROI DU FER;contact@leroidufer.fr;;;;;;;;;;2025-04-14
57921709;supplier;Maille Store;contact@maillestore.com;;;;;;;;;;2025-04-14
57921716;supplier;FPI SERVICES;contact@fpifrance.fr;;;;;;;;;;2025-04-22
57921722;supplier;MIREILLE ROUX;roux@mravocat.com;;;;;;;;;;2025-04-25
57921723;supplier;ROTOM FRANCE;info@rotomshop.fr;;;;;;;;;;2025-04-25
57921730;supplier;BENCORDES;;;;;;;;;;;2025-04-30
57921752;supplier;BARTHE SA;;;;;;;;;;;2025-06-06
57921763;supplier;E-PAINT;contact@1000-teintes.com;;;;;;;;;;2025-06-16
57921764;supplier;ROUX SOLUTIONS;;;;;;;;;;;2025-06-19
57921766;supplier;DS IMPRESSION;paris@ds-impression.com;;;;;;;;;;2025-06-24
57921767;supplier;MAINTENANCE DEPANNAGE INTERVENTION;;;;;;;;;;;2025-07-01
57921768;supplier;Elementor EU LTD;;;;;;;;;;;2025-07-01
57921769;supplier;ALBINGIA;;;;;;;;;;;2025-07-01
57921770;supplier;MAINTENANCE DEPANNAGE INTERVENTION (M.D.I INFORMATIQUE);;;;;;;;;;;2025-07-01
57921771;supplier;ARHTT ANGERS;;;;;;;;;;;2025-07-01
57921773;supplier;CBS Béton;;;;;;;;;;;2025-07-08
57921780;supplier;NANTES GRAVURE;contact@nantes-gravure.fr;;;;;;;;;;2025-07-16
57921782;supplier;NOUVELLE SCIERIE SAVOYARDE;;;;;;;;;;;2025-07-17
57921783;supplier;SCIERIE FRISON S.A.;;;;;;;;;;;2025-07-17
57921796;supplier;75 CLAN;75clan@yopmail.com;;;;;;;;;;2025-08-11
57921797;supplier;ASSUR' POSE;assurpose1@hotmail.fr;;;;;;;;;;2025-08-19
57921830;supplier;AFDAS;;;;;;;;;;;2025-08-25
57921831;supplier;OpenAI Ireland;;;;;;;;;;;2025-08-25
57921832;supplier;ERIC ZARAGOZA;;;;;;;;;;;2025-08-27
57921839;supplier;SIGNAUX GIROD;;;;;;;;;;;2025-09-08
57921842;supplier;DIRECT SIGNALETIQUE;contact@direct-signaletique.com;;;;;;;;;;2025-09-10
57921843;supplier;BRADY GROUPE;;;;;;;;;;;2025-09-10
57921844;supplier;SATECHVISION;info@satechvision.com;;;;;;;;;;2025-09-10
57921845;supplier;SKS SHOP;;;;;;;;;;;2025-09-10
57921851;supplier;METALLERIE-CHAUDRONNERIE FREDOUILLE;;;;;;;;;;;2025-09-29
57921863;supplier;GREFFE TC NANTERRE;;;;;;;;;;;2025-10-12
57921865;supplier;SAS EURO DIFUSSION;;;;;;;;;;;2025-10-12
57921866;supplier;THOMANN GMBH;info@thomann.de;;;;;;;;;;2025-10-12
57921867;supplier;KRANENDONK B.V;administratie@grind.nu;;;;;;;;;;2025-10-13
57921868;supplier;CHAUSSON MATERIAUX;;;;;;;;;;;2025-10-13
57921869;supplier;PEINTURES DE PARIS;;;;;;;;;;;2025-10-13
57921870;supplier;GEBRÜDER WEHLE GMBH & CO. KG;info@gebrueder-wehle.de;;;;;;;;;;2025-10-13
57921874;supplier;Carburant;;;;;;;;;;;2025-10-17
57921878;supplier;EMMANUEL REYBOZ;contact@manureyboz.com;;;;;;;;;;2025-10-21
57921879;supplier;LES TECHNICIENS CORDISTES DE PARIS;contact@cordistes.paris;;;;;;;;;;2025-10-23
57921880;supplier;GROSBILL CORP;;;;;;;;;;;2025-10-28
57921888;supplier;METROPOLE ATELIER;contact@metropole.me;;;;;;;;;;2025-11-06
57921889;supplier;SVL SOLUTIONS;;;;;;;;;;;2025-11-13
57921893;supplier;SBC PREFA BETON;;;;;;;;;;;2025-11-18
57921901;supplier;SECURITE CONTROLE AUDIT FORMATION;;;;;;;;;;;2025-11-25
57921904;supplier;CHAUDRONNERIE TOLERIE DES MOULINEAUX;;;;;;;;;;;2025-12-02
57921906;supplier;MULTISIGNE;;;;;;;;;;;2025-12-23
57921907;supplier;CMT GROUPE - Palissade;;;;;;;;;;;2026-01-02
57921910;supplier;BUMPER SARL;;;;;;;;;;;2026-01-13
57921911;supplier;ALL TOLERIE;;;;;;;;;;;2026-01-19
57921912;supplier;SARL ALU STEEL FRANCE;;;;;;;;;;;2026-01-19
57921913;supplier;SARL PAVELOT;;;;;;;;;;;2026-01-19
57921914;supplier;SARL EXPL ETS ROUY ET CIE;;;;;;;;;;;2026-01-19
57921984;supplier;SIEL - SOCIETE INDUSTRIELLE D'EQUIPEMENT DE LA LIMAGNE;;;;;;;;;;;2026-02-11
57921987;supplier;Alexandro Bizeul;;;;;;;;;;;2026-02-16
57921989;supplier;PRISMAFLEX INTERNATIONAL;;;;;;;;;;;2026-02-20
57921993;supplier;LOCOUEST;;;;;;;;;;;2026-02-25
57921995;supplier;ALAIN GILLES GROUP;;;;;;;;;;;2026-02-25
57922010;supplier;SARL FLANDIN - LE PARASOL FRANÇAIS;;;;;;;;;;;2026-03-27
